evidence_block,evidence_tier,source_csv,n_episodes,protocol,node_count,beamwidth_deg,area_scale,mobility_model,range_mode,communication_range_to_diagonal_ratio,sensing_to_comm_range_ratio,false_alarm_rate,miss_detection_rate,angular_cell_offset_std,slot_duration_ms,discovery_rate_mean,discovery_rate_std,discovery_rate_ci95,empty_scan_ratio_mean,empty_scan_ratio_std,empty_scan_ratio_ci95,lambda2_mean,lambda2_std,lambda2_ci95,collision_count_mean,collision_count_std,collision_count_ci95,mean_discovery_delay_mean,mean_discovery_delay_std,mean_discovery_delay_ci95,collision_penalized_discovery_rate_mean,collision_penalized_discovery_rate_std,collision_penalized_discovery_rate_ci95,discovery_per_scan_action_mean,discovery_per_scan_action_std,discovery_per_scan_action_ci95
main_n100_density_transfer,main,06_analysis/paper_tables/round3_robustness/n100_density_multiseed/aggregate_metrics.csv,3,improved_rl_isac,100,10.0,density,gauss_markov,singlehop,1.05,1.0,0.0,0.0,0.0,,0.365455,0.00361761,0.00409371,0.49858,0.00660572,0.00747508,12.9222,1.90076,2.15092,1050,20.1163,22.7638,477.986,3.82003,4.32277,,,,,,
main_n100_density_transfer,main,06_analysis/paper_tables/round3_robustness/n100_density_multiseed/aggregate_metrics.csv,3,improved_rl_isac,100,15.0,density,gauss_markov,singlehop,1.05,1.0,0.0,0.0,0.0,,0.54404,0.0025713,0.0029097,0.329271,0.00624506,0.00706695,26.8413,3.93158,4.449,8285,346.884,392.536,406.745,0.98341,1.11283,,,,,,
main_n100_density_transfer,main,06_analysis/paper_tables/round3_robustness/n100_density_multiseed/aggregate_metrics.csv,3,improved_rl_isac,100,30.0,density,gauss_markov,singlehop,1.05,1.0,0.0,0.0,0.0,,0.456768,0.013613,0.0154046,0.181517,0.00448349,0.00507354,25.9812,1.04659,1.18432,82742.3,2182.06,2469.23,438.663,7.79226,8.81777,,,,,,
main_n100_density_transfer,main,06_analysis/paper_tables/round3_robustness/n100_density_multiseed/aggregate_metrics.csv,3,improved_rl_isac,100,5.0,density,gauss_markov,singlehop,1.05,1.0,0.0,0.0,0.0,,0.0814141,0.00315996,0.00357584,0.816088,0.0028102,0.00318004,0.842979,0.0639645,0.0723826,13,4.54606,5.14435,576.639,0.967745,1.09511,,,,,,
main_n100_density_transfer,main,06_analysis/paper_tables/round3_robustness/n100_density_multiseed/aggregate_metrics.csv,3,improved_rl_no_isac,100,10.0,density,gauss_markov,singlehop,1.05,1.0,0.0,0.0,0.0,,0.000673401,0.000190466,0.000215533,0.901089,0.000265387,0.000300314,0,0,0,0,0,0,599.777,0.093502,0.105807,,,,,,
main_n100_density_transfer,main,06_analysis/paper_tables/round3_robustness/n100_density_multiseed/aggregate_metrics.csv,3,improved_rl_no_isac,100,15.0,density,gauss_markov,singlehop,1.05,1.0,0.0,0.0,0.0,,0.00377104,0.000779518,0.000882107,0.834431,0.00232356,0.00262936,-5.14878e-16,3.7021e-16,4.18933e-16,0,0,0,598.741,0.179875,0.203548,,,,,,
main_n100_density_transfer,main,06_analysis/paper_tables/round3_robustness/n100_density_multiseed/aggregate_metrics.csv,3,improved_rl_no_isac,100,30.0,density,gauss_markov,singlehop,1.05,1.0,0.0,0.0,0.0,,0.0470707,0.000918396,0.00103926,0.666243,0.00306537,0.00346879,0.192375,0.272059,0.307864,19,3.55903,4.02742,585.692,0.920324,1.04144,,,,,,
main_n100_density_transfer,main,06_analysis/paper_tables/round3_robustness/n100_density_multiseed/aggregate_metrics.csv,3,improved_rl_no_isac,100,5.0,density,gauss_markov,singlehop,1.05,1.0,0.0,0.0,0.0,,0,0,0,0.96663,0.0003317,0.000375354,0,0,0,0,0,0,600,0,0,,,,,,
main_n100_density_transfer,main,06_analysis/paper_tables/round3_robustness/n100_density_multiseed/aggregate_metrics.csv,3,rl_no_isac,100,10.0,density,gauss_markov,singlehop,1.05,1.0,0.0,0.0,0.0,,0.000606061,0.000329898,0.000373314,0.901178,0.000993223,0.00112394,0,0,0,0,0,0,599.779,0.0910673,0.103052,,,,,,
main_n100_density_transfer,main,06_analysis/paper_tables/round3_robustness/n100_density_multiseed/aggregate_metrics.csv,3,rl_no_isac,100,15.0,density,gauss_markov,singlehop,1.05,1.0,0.0,0.0,0.0,,0.00356902,0.000343368,0.000388558,0.834257,0.00196339,0.00222179,-6.83565e-16,1.32357e-16,1.49776e-16,0,0,0,598.867,0.0927095,0.104911,,,,,,
main_n100_density_transfer,main,06_analysis/paper_tables/round3_robustness/n100_density_multiseed/aggregate_metrics.csv,3,rl_no_isac,100,30.0,density,gauss_markov,singlehop,1.05,1.0,0.0,0.0,0.0,,0.0434343,0.00523956,0.00592912,0.661039,0.00333649,0.0037756,-2.53749e-16,3.23223e-16,3.65761e-16,10.6667,4.10961,4.65046,586.675,1.80284,2.04011,,,,,,
main_n100_density_transfer,main,06_analysis/paper_tables/round3_robustness/n100_density_multiseed/aggregate_metrics.csv,3,rl_no_isac,100,5.0,density,gauss_markov,singlehop,1.05,1.0,0.0,0.0,0.0,,0,0,0,0.967158,0.000528295,0.000597822,0,0,0,0,0,0,600,0,0,,,,,,
main_n100_density_transfer,main,06_analysis/paper_tables/round3_robustness/n100_density_multiseed/aggregate_metrics.csv,3,skyorbs_like_skip_scan,100,10.0,density,gauss_markov,singlehop,1.05,1.0,0.0,0.0,0.0,,0.000673401,0.000476166,0.000538833,0.901967,0.000593171,0.000671236,0,0,0,0,0,0,599.791,0.151875,0.171863,,,,,,
main_n100_density_transfer,main,06_analysis/paper_tables/round3_robustness/n100_density_multiseed/aggregate_metrics.csv,3,skyorbs_like_skip_scan,100,15.0,density,gauss_markov,singlehop,1.05,1.0,0.0,0.0,0.0,,0.00289562,0.000579281,0.000655518,0.832828,0.000687229,0.000777673,-1.85598e-16,2.15546e-16,2.43913e-16,0,0,0,598.976,0.266581,0.301665,,,,,,
main_n100_density_transfer,main,06_analysis/paper_tables/round3_robustness/n100_density_multiseed/aggregate_metrics.csv,3,skyorbs_like_skip_scan,100,30.0,density,gauss_markov,singlehop,1.05,1.0,0.0,0.0,0.0,,0.0510438,0.00133327,0.00150873,0.661378,0.00493336,0.00558262,1.26261e-14,7.96636e-15,9.01478e-15,22,3.55903,4.02742,584.089,0.760782,0.860906,,,,,,
main_n100_density_transfer,main,06_analysis/paper_tables/round3_robustness/n100_density_multiseed/aggregate_metrics.csv,3,skyorbs_like_skip_scan,100,5.0,density,gauss_markov,singlehop,1.05,1.0,0.0,0.0,0.0,,6.73401e-05,9.52332e-05,0.000107767,0.966028,0.000737907,0.00083502,0,0,0,0,0,0,599.983,0.0244749,0.027696,,,,,,
main_n100_density_transfer,main,06_analysis/paper_tables/round3_robustness/n100_density_multiseed/aggregate_metrics.csv,3,uniform_random,100,10.0,density,gauss_markov,singlehop,1.05,1.0,0.0,0.0,0.0,,0.00047138,9.52332e-05,0.000107767,0.901506,0.00149257,0.001689,0,0,0,0,0,0,599.902,0.045459,0.0514417,,,,,,
main_n100_density_transfer,main,06_analysis/paper_tables/round3_robustness/n100_density_multiseed/aggregate_metrics.csv,3,uniform_random,100,15.0,density,gauss_markov,singlehop,1.05,1.0,0.0,0.0,0.0,,0.0023569,0.000530236,0.000600019,0.834303,0.00152936,0.00173064,-2.74765e-16,3.13366e-16,3.54608e-16,0,0,0,599.251,0.191766,0.217004,,,,,,
main_n100_density_transfer,main,06_analysis/paper_tables/round3_robustness/n100_density_multiseed/aggregate_metrics.csv,3,uniform_random,100,30.0,density,gauss_markov,singlehop,1.05,1.0,0.0,0.0,0.0,,0.0374411,0.00252503,0.00285734,0.664067,0.00184628,0.00208926,0.12721,0.179903,0.203579,12.6667,4.98888,5.64545,588.618,0.714168,0.808157,,,,,,
main_n100_density_transfer,main,06_analysis/paper_tables/round3_robustness/n100_density_multiseed/aggregate_metrics.csv,3,uniform_random,100,5.0,density,gauss_markov,singlehop,1.05,1.0,0.0,0.0,0.0,,0,0,0,0.966395,0.000220424,0.000249433,0,0,0,0,0,0,600,0,0,,,,,,
main_n100_fixed_transfer,main,06_analysis/paper_tables/round3_robustness/n100_fixed_multiseed/aggregate_metrics.csv,3,improved_rl_isac,100,10.0,fixed,gauss_markov,singlehop,1.05,1.0,0.0,0.0,0.0,,0.361481,0.0108168,0.0122404,0.5021,0.0110803,0.0125385,11.0417,0.541467,0.612728,1019.67,133.182,150.71,479.001,6.29403,7.12236,,,,,,
main_n100_fixed_transfer,main,06_analysis/paper_tables/round3_robustness/n100_fixed_multiseed/aggregate_metrics.csv,3,improved_rl_isac,100,15.0,fixed,gauss_markov,singlehop,1.05,1.0,0.0,0.0,0.0,,0.535219,0.00858421,0.00971395,0.331517,0.00680669,0.00770249,23.2957,2.38072,2.69404,8141.67,322.97,365.475,410.824,3.45985,3.91519,,,,,,
main_n100_fixed_transfer,main,06_analysis/paper_tables/round3_robustness/n100_fixed_multiseed/aggregate_metrics.csv,3,improved_rl_isac,100,30.0,fixed,gauss_markov,singlehop,1.05,1.0,0.0,0.0,0.0,,0.448687,0.013841,0.0156625,0.181557,0.00360494,0.00407938,25.055,2.13045,2.41083,82978,2408.53,2725.51,442.394,9.212,10.4244,,,,,,
main_n100_fixed_transfer,main,06_analysis/paper_tables/round3_robustness/n100_fixed_multiseed/aggregate_metrics.csv,3,improved_rl_isac,100,5.0,fixed,gauss_markov,singlehop,1.05,1.0,0.0,0.0,0.0,,0.0822222,0.00580142,0.00656492,0.815193,0.00455145,0.00515045,1.08002,0.767324,0.868309,24.6667,0.942809,1.06689,576.212,1.67392,1.89422,,,,,,
main_n100_fixed_transfer,main,06_analysis/paper_tables/round3_robustness/n100_fixed_multiseed/aggregate_metrics.csv,3,improved_rl_no_isac,100,10.0,fixed,gauss_markov,singlehop,1.05,1.0,0.0,0.0,0.0,,0.000740741,9.52332e-05,0.000107767,0.9018,0.001414,0.00160009,0,0,0,0,0,0,599.786,0.08236,0.0931991,,,,,,
main_n100_fixed_transfer,main,06_analysis/paper_tables/round3_robustness/n100_fixed_multiseed/aggregate_metrics.csv,3,improved_rl_no_isac,100,15.0,fixed,gauss_markov,singlehop,1.05,1.0,0.0,0.0,0.0,,0.00363636,4.33681e-19,4.90756e-19,0.8346,0.00216391,0.00244869,-5.73019e-16,4.05206e-16,4.58534e-16,0,0,0,598.863,0.130917,0.148147,,,,,,
main_n100_fixed_transfer,main,06_analysis/paper_tables/round3_robustness/n100_fixed_multiseed/aggregate_metrics.csv,3,improved_rl_no_isac,100,30.0,fixed,gauss_markov,singlehop,1.05,1.0,0.0,0.0,0.0,,0.0435017,0.00620772,0.00702469,0.666803,0.0037919,0.00429094,0.334843,0.236826,0.267994,15,6.16441,6.97569,586.494,1.22725,1.38876,,,,,,
main_n100_fixed_transfer,main,06_analysis/paper_tables/round3_robustness/n100_fixed_multiseed/aggregate_metrics.csv,3,improved_rl_no_isac,100,5.0,fixed,gauss_markov,singlehop,1.05,1.0,0.0,0.0,0.0,,0,0,0,0.96684,8.31695e-05,9.41152e-05,0,0,0,0,0,0,600,0,0,,,,,,
main_n100_fixed_transfer,main,06_analysis/paper_tables/round3_robustness/n100_fixed_multiseed/aggregate_metrics.csv,3,rl_no_isac,100,10.0,fixed,gauss_markov,singlehop,1.05,1.0,0.0,0.0,0.0,,0.000673401,0.000415112,0.000469744,0.90108,0.000946508,0.00107107,0,0,0,0,0,0,599.792,0.0824852,0.0933408,,,,,,
main_n100_fixed_transfer,main,06_analysis/paper_tables/round3_robustness/n100_fixed_multiseed/aggregate_metrics.csv,3,rl_no_isac,100,15.0,fixed,gauss_markov,singlehop,1.05,1.0,0.0,0.0,0.0,,0.003367,9.52332e-05,0.000107767,0.834678,0.00174341,0.00197285,-7.26437e-16,1.21486e-16,1.37475e-16,0,0,0,598.938,0.0738841,0.0836077,,,,,,
main_n100_fixed_transfer,main,06_analysis/paper_tables/round3_robustness/n100_fixed_multiseed/aggregate_metrics.csv,3,rl_no_isac,100,30.0,fixed,gauss_markov,singlehop,1.05,1.0,0.0,0.0,0.0,,0.0437037,0.0038129,0.0043147,0.66136,0.00338919,0.00383523,6.59512e-15,7.1917e-15,8.13817e-15,10.3333,5.31246,6.01161,586.771,1.46151,1.65386,,,,,,
main_n100_fixed_transfer,main,06_analysis/paper_tables/round3_robustness/n100_fixed_multiseed/aggregate_metrics.csv,3,rl_no_isac,100,5.0,fixed,gauss_markov,singlehop,1.05,1.0,0.0,0.0,0.0,,0,0,0,0.967374,8.7523e-05,9.90416e-05,0,0,0,0,0,0,600,0,0,,,,,,
main_n100_fixed_transfer,main,06_analysis/paper_tables/round3_robustness/n100_fixed_multiseed/aggregate_metrics.csv,3,skyorbs_like_skip_scan,100,10.0,fixed,gauss_markov,singlehop,1.05,1.0,0.0,0.0,0.0,,0.000538721,0.000251963,0.000285123,0.901883,0.000730804,0.000826982,0,0,0,0,0,0,599.854,0.0953042,0.107847,,,,,,
main_n100_fixed_transfer,main,06_analysis/paper_tables/round3_robustness/n100_fixed_multiseed/aggregate_metrics.csv,3,skyorbs_like_skip_scan,100,15.0,fixed,gauss_markov,singlehop,1.05,1.0,0.0,0.0,0.0,,0.003367,9.52332e-05,0.000107767,0.833428,0.000800154,0.00090546,-6.61386e-16,1.92145e-16,2.17432e-16,0,0,0,598.892,0.116077,0.131354,,,,,,
main_n100_fixed_transfer,main,06_analysis/paper_tables/round3_robustness/n100_fixed_multiseed/aggregate_metrics.csv,3,skyorbs_like_skip_scan,100,30.0,fixed,gauss_markov,singlehop,1.05,1.0,0.0,0.0,0.0,,0.0504377,0.00201571,0.00228099,0.66195,0.00405773,0.00459176,3.77378e-15,2.27285e-15,2.57197e-15,20.6667,3.09121,3.49803,584.38,0.936243,1.05946,,,,,,
main_n100_fixed_transfer,main,06_analysis/paper_tables/round3_robustness/n100_fixed_multiseed/aggregate_metrics.csv,3,skyorbs_like_skip_scan,100,5.0,fixed,gauss_markov,singlehop,1.05,1.0,0.0,0.0,0.0,,6.73401e-05,9.52332e-05,0.000107767,0.966433,0.000440328,0.000498278,0,0,0,0,0,0,599.983,0.0244749,0.027696,,,,,,
main_n100_fixed_transfer,main,06_analysis/paper_tables/round3_robustness/n100_fixed_multiseed/aggregate_metrics.csv,3,uniform_random,100,10.0,fixed,gauss_markov,singlehop,1.05,1.0,0.0,0.0,0.0,,0.000538721,0.000190466,0.000215533,0.901231,0.00133584,0.00151165,0,0,0,0,0,0,599.869,0.0887437,0.100423,,,,,,
main_n100_fixed_transfer,main,06_analysis/paper_tables/round3_robustness/n100_fixed_multiseed/aggregate_metrics.csv,3,uniform_random,100,15.0,fixed,gauss_markov,singlehop,1.05,1.0,0.0,0.0,0.0,,0.00222222,0.000436414,0.000493848,0.833878,0.00195403,0.0022112,-3.73657e-16,2.71758e-16,3.07523e-16,0,0,0,599.288,0.174955,0.19798,,,,,,
main_n100_fixed_transfer,main,06_analysis/paper_tables/round3_robustness/n100_fixed_multiseed/aggregate_metrics.csv,3,uniform_random,100,30.0,fixed,gauss_markov,singlehop,1.05,1.0,0.0,0.0,0.0,,0.0373064,0.00162735,0.00184152,0.663898,0.00168548,0.0019073,-1.04704e-16,6.29684e-16,7.12555e-16,12,4.32049,4.8891,588.575,0.490144,0.55465,,,,,,
main_n100_fixed_transfer,main,06_analysis/paper_tables/round3_robustness/n100_fixed_multiseed/aggregate_metrics.csv,3,uniform_random,100,5.0,fixed,gauss_markov,singlehop,1.05,1.0,0.0,0.0,0.0,,0,0,0,0.966474,0.000344588,0.000389938,0,0,0,0,0,0,600,0,0,,,,,,
main_range_grid,main,06_analysis/paper_tables/round3_robustness/range_rc_rs_grid/aggregate_metrics.csv,3,improved_rl_isac,100,10.0,density,gauss_markov,base,0.65,0.5,0.0,0.0,0.0,,0.262846,0.0111946,0.0126679,0.595422,0.0100628,0.0113871,7.90638,0.482492,0.545991,385.667,63.9809,72.4012,514.468,3.68562,4.17067,,,,,,
main_range_grid,main,06_analysis/paper_tables/round3_robustness/range_rc_rs_grid/aggregate_metrics.csv,3,improved_rl_isac,100,10.0,density,gauss_markov,base,0.65,0.75,0.0,0.0,0.0,,0.356876,0.00419712,0.00474949,0.510485,0.0033265,0.00376429,13.1966,1.12728,1.27564,782,89.0431,100.762,481.478,2.95941,3.34889,,,,,,
main_range_grid,main,06_analysis/paper_tables/round3_robustness/range_rc_rs_grid/aggregate_metrics.csv,3,improved_rl_isac,100,10.0,density,gauss_markov,base,0.65,1.0,0.0,0.0,0.0,,0.356909,0.0201412,0.0227919,0.502843,0.00638382,0.00722397,13.9766,2.58256,2.92244,865.667,122.883,139.055,480.076,6.75011,7.63847,,,,,,
main_range_grid,main,06_analysis/paper_tables/round3_robustness/range_rc_rs_grid/aggregate_metrics.csv,3,improved_rl_isac,100,10.0,density,gauss_markov,base,0.65,1.25,0.0,0.0,0.0,,0.356909,0.0201412,0.0227919,0.502843,0.00638382,0.00722397,13.9766,2.58256,2.92244,865.667,122.883,139.055,480.076,6.75011,7.63847,,,,,,
main_range_grid,main,06_analysis/paper_tables/round3_robustness/range_rc_rs_grid/aggregate_metrics.csv,3,improved_rl_isac,100,10.0,density,gauss_markov,base,0.85,0.5,0.0,0.0,0.0,,0.336612,0.00247574,0.00280157,0.529433,0.00815991,0.0092338,14.5038,0.522303,0.591042,829,90.5244,102.438,489.208,1.47988,1.67464,,,,,,
main_range_grid,main,06_analysis/paper_tables/round3_robustness/range_rc_rs_grid/aggregate_metrics.csv,3,improved_rl_isac,100,10.0,density,gauss_markov,base,0.85,0.7500000000000001,0.0,0.0,0.0,,0.35898,0.0173337,0.019615,0.501023,0.00451102,0.0051047,12.1291,1.83901,2.08104,1016.33,19.6864,22.2773,481.089,7.26322,8.21911,,,,,,
main_range_grid,main,06_analysis/paper_tables/round3_robustness/range_rc_rs_grid/aggregate_metrics.csv,3,improved_rl_isac,100,10.0,density,gauss_markov,base,0.85,1.0,0.0,0.0,0.0,,0.357164,0.0154175,0.0174465,0.50355,0.00699954,0.00792072,10.4264,1.66511,1.88425,1006.33,68.1192,77.0841,479.784,6.87166,7.77602,,,,,,
main_range_grid,main,06_analysis/paper_tables/round3_robustness/range_rc_rs_grid/aggregate_metrics.csv,3,improved_rl_isac,100,10.0,density,gauss_markov,base,0.85,1.25,0.0,0.0,0.0,,0.357164,0.0154175,0.0174465,0.50355,0.00699954,0.00792072,10.4264,1.66511,1.88425,1006.33,68.1192,77.0841,479.784,6.87166,7.77602,,,,,,
main_range_grid,main,06_analysis/paper_tables/round3_robustness/range_rc_rs_grid/aggregate_metrics.csv,3,improved_rl_isac,100,10.0,density,gauss_markov,base,1.05,0.5,0.0,0.0,0.0,,0.357037,0.0100772,0.0114034,0.508155,0.00445489,0.00504118,11.0633,2.41943,2.73784,985,92.9982,105.237,481.381,4.79869,5.43023,,,,,,
main_range_grid,main,06_analysis/paper_tables/round3_robustness/range_rc_rs_grid/aggregate_metrics.csv,3,improved_rl_isac,100,10.0,density,gauss_markov,base,1.05,0.75,0.0,0.0,0.0,,0.363704,0.00247056,0.00279571,0.496986,0.00378834,0.00428692,13.9211,0.895689,1.01357,1031.33,23.471,26.56,478.911,2.59735,2.93918,,,,,,
main_range_grid,main,06_analysis/paper_tables/round3_robustness/range_rc_rs_grid/aggregate_metrics.csv,3,improved_rl_isac,100,10.0,density,gauss_markov,base,1.05,1.0,0.0,0.0,0.0,,0.365455,0.00361761,0.00409371,0.49858,0.00660572,0.00747508,12.9222,1.90076,2.15092,1050,20.1163,22.7638,477.986,3.82003,4.32277,,,,,,
main_range_grid,main,06_analysis/paper_tables/round3_robustness/range_rc_rs_grid/aggregate_metrics.csv,3,improved_rl_isac,100,10.0,density,gauss_markov,base,1.05,1.25,0.0,0.0,0.0,,0.365455,0.00361761,0.00409371,0.49858,0.00660572,0.00747508,12.9222,1.90076,2.15092,1050,20.1163,22.7638,477.986,3.82003,4.32277,,,,,,
main_range_grid,main,06_analysis/paper_tables/round3_robustness/range_rc_rs_grid/aggregate_metrics.csv,3,improved_rl_no_isac,100,10.0,density,gauss_markov,base,0.65,0.5,0.0,0.0,0.0,,0.000707162,0.000200011,0.000226334,0.901929,0.000466684,0.000528102,0,0,0,0,0,0,599.766,0.0982594,0.111191,,,,,,
main_range_grid,main,06_analysis/paper_tables/round3_robustness/range_rc_rs_grid/aggregate_metrics.csv,3,improved_rl_no_isac,100,10.0,density,gauss_markov,base,0.65,0.75,0.0,0.0,0.0,,0.000707162,0.000200011,0.000226334,0.901929,0.000466684,0.000528102,0,0,0,0,0,0,599.766,0.0982594,0.111191,,,,,,
main_range_grid,main,06_analysis/paper_tables/round3_robustness/range_rc_rs_grid/aggregate_metrics.csv,3,improved_rl_no_isac,100,10.0,density,gauss_markov,base,0.65,1.0,0.0,0.0,0.0,,0.000707162,0.000200011,0.000226334,0.901929,0.000466684,0.000528102,0,0,0,0,0,0,599.766,0.0982594,0.111191,,,,,,
main_range_grid,main,06_analysis/paper_tables/round3_robustness/range_rc_rs_grid/aggregate_metrics.csv,3,improved_rl_no_isac,100,10.0,density,gauss_markov,base,0.65,1.25,0.0,0.0,0.0,,0.000707162,0.000200011,0.000226334,0.901929,0.000466684,0.000528102,0,0,0,0,0,0,599.766,0.0982594,0.111191,,,,,,
main_range_grid,main,06_analysis/paper_tables/round3_robustness/range_rc_rs_grid/aggregate_metrics.csv,3,improved_rl_no_isac,100,10.0,density,gauss_markov,base,0.85,0.5,0.0,0.0,0.0,,0.000673918,0.00019066,0.000215752,0.901089,0.000265387,0.000300314,0,0,0,0,0,0,599.777,0.0935909,0.105908,,,,,,
main_range_grid,main,06_analysis/paper_tables/round3_robustness/range_rc_rs_grid/aggregate_metrics.csv,3,improved_rl_no_isac,100,10.0,density,gauss_markov,base,0.85,0.7500000000000001,0.0,0.0,0.0,,0.000673918,0.00019066,0.000215752,0.901089,0.000265387,0.000300314,0,0,0,0,0,0,599.777,0.0935909,0.105908,,,,,,
main_range_grid,main,06_analysis/paper_tables/round3_robustness/range_rc_rs_grid/aggregate_metrics.csv,3,improved_rl_no_isac,100,10.0,density,gauss_markov,base,0.85,1.0,0.0,0.0,0.0,,0.000673918,0.00019066,0.000215752,0.901089,0.000265387,0.000300314,0,0,0,0,0,0,599.777,0.0935909,0.105908,,,,,,
main_range_grid,main,06_analysis/paper_tables/round3_robustness/range_rc_rs_grid/aggregate_metrics.csv,3,improved_rl_no_isac,100,10.0,density,gauss_markov,base,0.85,1.25,0.0,0.0,0.0,,0.000673918,0.00019066,0.000215752,0.901089,0.000265387,0.000300314,0,0,0,0,0,0,599.777,0.0935909,0.105908,,,,,,
main_range_grid,main,06_analysis/paper_tables/round3_robustness/range_rc_rs_grid/aggregate_metrics.csv,3,improved_rl_no_isac,100,10.0,density,gauss_markov,base,1.05,0.5,0.0,0.0,0.0,,0.000673401,0.000190466,0.000215533,0.901089,0.000265387,0.000300314,0,0,0,0,0,0,599.777,0.093502,0.105807,,,,,,
main_range_grid,main,06_analysis/paper_tables/round3_robustness/range_rc_rs_grid/aggregate_metrics.csv,3,improved_rl_no_isac,100,10.0,density,gauss_markov,base,1.05,0.75,0.0,0.0,0.0,,0.000673401,0.000190466,0.000215533,0.901089,0.000265387,0.000300314,0,0,0,0,0,0,599.777,0.093502,0.105807,,,,,,
main_range_grid,main,06_analysis/paper_tables/round3_robustness/range_rc_rs_grid/aggregate_metrics.csv,3,improved_rl_no_isac,100,10.0,density,gauss_markov,base,1.05,1.0,0.0,0.0,0.0,,0.000673401,0.000190466,0.000215533,0.901089,0.000265387,0.000300314,0,0,0,0,0,0,599.777,0.093502,0.105807,,,,,,
main_range_grid,main,06_analysis/paper_tables/round3_robustness/range_rc_rs_grid/aggregate_metrics.csv,3,improved_rl_no_isac,100,10.0,density,gauss_markov,base,1.05,1.25,0.0,0.0,0.0,,0.000673401,0.000190466,0.000215533,0.901089,0.000265387,0.000300314,0,0,0,0,0,0,599.777,0.093502,0.105807,,,,,,
main_range_grid,main,06_analysis/paper_tables/round3_robustness/range_rc_rs_grid/aggregate_metrics.csv,3,uniform_random,100,10.0,density,gauss_markov,base,0.65,0.5,0.0,0.0,0.0,,0.000424943,0.000175592,0.000198701,0.902362,0.00164364,0.00185996,0,0,0,0,0,0,599.909,0.0499334,0.056505,,,,,,
main_range_grid,main,06_analysis/paper_tables/round3_robustness/range_rc_rs_grid/aggregate_metrics.csv,3,uniform_random,100,10.0,density,gauss_markov,base,0.65,0.75,0.0,0.0,0.0,,0.000424943,0.000175592,0.000198701,0.902362,0.00164364,0.00185996,0,0,0,0,0,0,599.909,0.0499334,0.056505,,,,,,
main_range_grid,main,06_analysis/paper_tables/round3_robustness/range_rc_rs_grid/aggregate_metrics.csv,3,uniform_random,100,10.0,density,gauss_markov,base,0.65,1.0,0.0,0.0,0.0,,0.000424943,0.000175592,0.000198701,0.902362,0.00164364,0.00185996,0,0,0,0,0,0,599.909,0.0499334,0.056505,,,,,,
main_range_grid,main,06_analysis/paper_tables/round3_robustness/range_rc_rs_grid/aggregate_metrics.csv,3,uniform_random,100,10.0,density,gauss_markov,base,0.65,1.25,0.0,0.0,0.0,,0.000424943,0.000175592,0.000198701,0.902362,0.00164364,0.00185996,0,0,0,0,0,0,599.909,0.0499334,0.056505,,,,,,
main_range_grid,main,06_analysis/paper_tables/round3_robustness/range_rc_rs_grid/aggregate_metrics.csv,3,uniform_random,100,10.0,density,gauss_markov,base,0.85,0.5,0.0,0.0,0.0,,0.000471775,9.55609e-05,0.000108137,0.901512,0.00150139,0.00169898,0,0,0,0,0,0,599.902,0.0455403,0.0515337,,,,,,
main_range_grid,main,06_analysis/paper_tables/round3_robustness/range_rc_rs_grid/aggregate_metrics.csv,3,uniform_random,100,10.0,density,gauss_markov,base,0.85,0.7500000000000001,0.0,0.0,0.0,,0.000471775,9.55609e-05,0.000108137,0.901512,0.00150139,0.00169898,0,0,0,0,0,0,599.902,0.0455403,0.0515337,,,,,,
main_range_grid,main,06_analysis/paper_tables/round3_robustness/range_rc_rs_grid/aggregate_metrics.csv,3,uniform_random,100,10.0,density,gauss_markov,base,0.85,1.0,0.0,0.0,0.0,,0.000471775,9.55609e-05,0.000108137,0.901512,0.00150139,0.00169898,0,0,0,0,0,0,599.902,0.0455403,0.0515337,,,,,,
main_range_grid,main,06_analysis/paper_tables/round3_robustness/range_rc_rs_grid/aggregate_metrics.csv,3,uniform_random,100,10.0,density,gauss_markov,base,0.85,1.25,0.0,0.0,0.0,,0.000471775,9.55609e-05,0.000108137,0.901512,0.00150139,0.00169898,0,0,0,0,0,0,599.902,0.0455403,0.0515337,,,,,,
main_range_grid,main,06_analysis/paper_tables/round3_robustness/range_rc_rs_grid/aggregate_metrics.csv,3,uniform_random,100,10.0,density,gauss_markov,base,1.05,0.5,0.0,0.0,0.0,,0.00047138,9.52332e-05,0.000107767,0.901506,0.00149257,0.001689,0,0,0,0,0,0,599.902,0.045459,0.0514417,,,,,,
main_range_grid,main,06_analysis/paper_tables/round3_robustness/range_rc_rs_grid/aggregate_metrics.csv,3,uniform_random,100,10.0,density,gauss_markov,base,1.05,0.75,0.0,0.0,0.0,,0.00047138,9.52332e-05,0.000107767,0.901506,0.00149257,0.001689,0,0,0,0,0,0,599.902,0.045459,0.0514417,,,,,,
main_range_grid,main,06_analysis/paper_tables/round3_robustness/range_rc_rs_grid/aggregate_metrics.csv,3,uniform_random,100,10.0,density,gauss_markov,base,1.05,1.0,0.0,0.0,0.0,,0.00047138,9.52332e-05,0.000107767,0.901506,0.00149257,0.001689,0,0,0,0,0,0,599.902,0.045459,0.0514417,,,,,,
main_range_grid,main,06_analysis/paper_tables/round3_robustness/range_rc_rs_grid/aggregate_metrics.csv,3,uniform_random,100,10.0,density,gauss_markov,base,1.05,1.25,0.0,0.0,0.0,,0.00047138,9.52332e-05,0.000107767,0.901506,0.00149257,0.001689,0,0,0,0,0,0,599.902,0.045459,0.0514417,,,,,,
main_error_profiles,main,06_analysis/paper_tables/round3_robustness/error_profiles/aggregate_metrics.csv,3,improved_rl_isac,100,10.0,density,gauss_markov,base,1.05,1.0,0.0,0.0,0.0,,0.365455,0.00361761,0.00409371,0.49858,0.00660572,0.00747508,12.9222,1.90076,2.15092,1050,20.1163,22.7638,477.986,3.82003,4.32277,,,,,,
main_error_profiles,main,06_analysis/paper_tables/round3_robustness/error_profiles/aggregate_metrics.csv,3,improved_rl_isac,100,10.0,density,gauss_markov,base,1.05,1.0,0.01,0.05,0.5,,0.33569,0.00941413,0.0106531,0.546407,0.00984058,0.0111357,13.65,1.05542,1.19432,733.333,48.8012,55.2237,491.531,4.23843,4.79624,,,,,,
main_error_profiles,main,06_analysis/paper_tables/round3_robustness/error_profiles/aggregate_metrics.csv,3,improved_rl_isac,100,10.0,density,gauss_markov,base,1.05,1.0,0.05,0.15,1.0,,0.285387,0.0124777,0.0141199,0.593443,0.00773718,0.00875544,9.8519,2.71189,3.0688,375.667,18.9795,21.4773,510.477,3.75867,4.25333,,,,,,
main_error_profiles,main,06_analysis/paper_tables/round3_robustness/error_profiles/aggregate_metrics.csv,3,improved_rl_isac,100,10.0,density,gauss_markov,base,1.05,1.0,0.1,0.3,1.5,,0.293535,0.00940208,0.0106395,0.611115,0.00899182,0.0101752,12.0446,1.36061,1.53967,386.667,13.8884,15.7163,505.685,3.17501,3.59286,,,,,,
main_error_profiles,main,06_analysis/paper_tables/round3_robustness/error_profiles/aggregate_metrics.csv,3,improved_rl_no_isac,100,10.0,density,gauss_markov,base,1.05,1.0,0.0,0.0,0.0,,0.000673401,0.000190466,0.000215533,0.901089,0.000265387,0.000300314,0,0,0,0,0,0,599.777,0.093502,0.105807,,,,,,
main_error_profiles,main,06_analysis/paper_tables/round3_robustness/error_profiles/aggregate_metrics.csv,3,improved_rl_no_isac,100,10.0,density,gauss_markov,base,1.05,1.0,0.01,0.05,0.5,,0.000673401,0.000190466,0.000215533,0.901089,0.000265387,0.000300314,0,0,0,0,0,0,599.777,0.093502,0.105807,,,,,,
main_error_profiles,main,06_analysis/paper_tables/round3_robustness/error_profiles/aggregate_metrics.csv,3,improved_rl_no_isac,100,10.0,density,gauss_markov,base,1.05,1.0,0.05,0.15,1.0,,0.000673401,0.000190466,0.000215533,0.901089,0.000265387,0.000300314,0,0,0,0,0,0,599.777,0.093502,0.105807,,,,,,
main_error_profiles,main,06_analysis/paper_tables/round3_robustness/error_profiles/aggregate_metrics.csv,3,improved_rl_no_isac,100,10.0,density,gauss_markov,base,1.05,1.0,0.1,0.3,1.5,,0.000673401,0.000190466,0.000215533,0.901089,0.000265387,0.000300314,0,0,0,0,0,0,599.777,0.093502,0.105807,,,,,,
main_delay_ablation,main,06_analysis/paper_tables/round4_delay_ablation/aggregate_metrics.csv,3,ablation_isac_no_beam_lock,100,10.0,density,gauss_markov,singlehop,1.05,1.0,0.0,0.0,0.0,,0.355286,0.00833332,0.00943004,0.490365,0.00609526,0.00689744,13.1866,3.15988,3.57574,1096.33,98.0827,110.991,479.078,4.39747,4.9762,0.290831,0.00209007,0.00236513,0.0304738,0.000705852,0.000798746
main_delay_ablation,main,06_analysis/paper_tables/round4_delay_ablation/aggregate_metrics.csv,3,ablation_isac_no_beam_lock,100,15.0,density,gauss_markov,singlehop,1.05,1.0,0.0,0.0,0.0,,0.534613,0.00842101,0.00952927,0.325599,0.00446197,0.00504919,28.3349,2.05123,2.32119,8164.67,35.6495,40.3412,410.588,3.73904,4.23112,0.201785,0.00317541,0.00359331,0.0459174,0.000712947,0.000806776
main_delay_ablation,main,06_analysis/paper_tables/round4_delay_ablation/aggregate_metrics.csv,3,ablation_isac_no_candidate_set,100,10.0,density,gauss_markov,singlehop,1.05,1.0,0.0,0.0,0.0,,0.0313131,0.00194472,0.00220066,0.498493,0.00330805,0.00374341,-9.24243e-16,4.24191e-16,4.80017e-16,3.33333,3.39935,3.84672,590.515,0.589622,0.66722,0.0312921,0.00194471,0.00220064,0.00263996,0.000166461,0.000188368
main_delay_ablation,main,06_analysis/paper_tables/round4_delay_ablation/aggregate_metrics.csv,3,ablation_isac_no_candidate_set,100,15.0,density,gauss_markov,singlehop,1.05,1.0,0.0,0.0,0.0,,0.107071,0.00190228,0.00215264,0.32565,0.00438717,0.00496455,1.51158,1.12197,1.26963,34,7.11805,8.05483,568.486,1.16336,1.31647,0.106338,0.00175598,0.00198707,0.00912414,0.000170484,0.000192921
main_delay_ablation,main,06_analysis/paper_tables/round4_delay_ablation/aggregate_metrics.csv,3,ablation_isac_no_topology,100,10.0,density,gauss_markov,singlehop,1.05,1.0,0.0,0.0,0.0,,0.361684,0.0160826,0.0181992,0.501097,0.0084278,0.00953696,10.3293,1.14782,1.29888,1083.33,95.9386,108.565,478.136,5.15132,5.82927,0.296606,0.00847913,0.00959504,0.0310264,0.00137675,0.00155794
main_delay_ablation,main,06_analysis/paper_tables/round4_delay_ablation/aggregate_metrics.csv,3,ablation_isac_no_topology,100,15.0,density,gauss_markov,singlehop,1.05,1.0,0.0,0.0,0.0,,0.544646,0.0125978,0.0142558,0.326622,0.00655884,0.00742202,29.9279,2.48354,2.81039,8381.67,303.219,343.124,407.621,5.40752,6.11918,0.202253,0.00355286,0.00402044,0.0467662,0.00108907,0.0012324
main_delay_ablation,main,06_analysis/paper_tables/round4_delay_ablation/aggregate_metrics.csv,3,ablation_isac_one_slot_delay,100,10.0,density,gauss_markov,singlehop,1.05,1.0,0.0,0.0,0.0,,0.298923,0.0105584,0.011948,0.494694,0.00634347,0.00717831,8.47087,1.94019,2.19553,697,17.2047,19.4689,501.741,5.69956,6.44966,0.262006,0.00857402,0.00970242,0.0256069,0.000905529,0.0010247
main_delay_ablation,main,06_analysis/paper_tables/round4_delay_ablation/aggregate_metrics.csv,3,ablation_isac_one_slot_delay,100,15.0,density,gauss_markov,singlehop,1.05,1.0,0.0,0.0,0.0,,0.507205,0.0133826,0.0151438,0.330433,0.00864424,0.00978188,23.8905,3.74157,4.23399,6527,418.213,473.252,422.156,7.45251,8.43331,0.218848,0.00328134,0.00371318,0.0435202,0.0011399,0.00128991
main_delay_ablation,main,06_analysis/paper_tables/round4_delay_ablation/aggregate_metrics.csv,3,improved_rl_isac,100,10.0,density,gauss_markov,singlehop,1.05,1.0,0.0,0.0,0.0,,0.365455,0.00361761,0.00409371,0.49858,0.00660572,0.00747508,12.9222,1.90076,2.15092,1050,20.1163,22.7638,477.986,3.82003,4.32277,0.301498,0.00253299,0.00286635,0.0313563,0.000280715,0.000317659
main_delay_ablation,main,06_analysis/paper_tables/round4_delay_ablation/aggregate_metrics.csv,3,improved_rl_isac,100,15.0,density,gauss_markov,singlehop,1.05,1.0,0.0,0.0,0.0,,0.54404,0.0025713,0.0029097,0.329271,0.00624506,0.00706695,26.8413,3.93158,4.449,8285,346.884,392.536,406.745,0.98341,1.11283,0.203634,0.00609338,0.00689531,0.0467047,0.000253791,0.000287191
main_delay_ablation,main,06_analysis/paper_tables/round4_delay_ablation/aggregate_metrics.csv,3,improved_rl_no_isac,100,10.0,density,gauss_markov,singlehop,1.05,1.0,0.0,0.0,0.0,,0.000673401,0.000190466,0.000215533,0.901089,0.000265387,0.000300314,0,0,0,0,0,0,599.777,0.093502,0.105807,0.000673401,0.000190466,0.000215533,5.67308e-05,1.60533e-05,1.8166e-05
main_delay_ablation,main,06_analysis/paper_tables/round4_delay_ablation/aggregate_metrics.csv,3,improved_rl_no_isac,100,15.0,density,gauss_markov,singlehop,1.05,1.0,0.0,0.0,0.0,,0.00377104,0.000779518,0.000882107,0.834431,0.00232356,0.00262936,-5.14878e-16,3.7021e-16,4.18933e-16,0,0,0,598.741,0.179875,0.203548,0.00377104,0.000779518,0.000882107,0.000318211,6.58584e-05,7.45258e-05
main_delay_ablation,main,06_analysis/paper_tables/round4_delay_ablation/aggregate_metrics.csv,3,uniform_random,100,10.0,density,gauss_markov,singlehop,1.05,1.0,0.0,0.0,0.0,,0.00047138,9.52332e-05,0.000107767,0.901506,0.00149257,0.001689,0,0,0,0,0,0,599.902,0.045459,0.0514417,0.00047138,9.52332e-05,0.000107767,4.57614e-05,9.22337e-06,1.04372e-05
main_delay_ablation,main,06_analysis/paper_tables/round4_delay_ablation/aggregate_metrics.csv,3,uniform_random,100,15.0,density,gauss_markov,singlehop,1.05,1.0,0.0,0.0,0.0,,0.0023569,0.000530236,0.000600019,0.834303,0.00152936,0.00173064,-2.74765e-16,3.13366e-16,3.54608e-16,0,0,0,599.251,0.191766,0.217004,0.0023569,0.000530236,0.000600019,0.000228763,5.12425e-05,5.79863e-05
mobility_boundary,main_boundary,06_analysis/paper_tables/round5_mobility_transfer/aggregate_metrics.csv,3,ablation_isac_one_slot_delay,100,10.0,density,gauss_markov,singlehop,1.05,1.0,0.0,0.0,0.0,,0.298923,0.0105584,0.011948,0.494694,0.00634347,0.00717831,8.47087,1.94019,2.19553,697,17.2047,19.4689,501.741,5.69956,6.44966,0.262006,0.00857402,0.00970242,0.0256069,0.000905529,0.0010247
mobility_boundary,main_boundary,06_analysis/paper_tables/round5_mobility_transfer/aggregate_metrics.csv,3,ablation_isac_one_slot_delay,100,15.0,density,gauss_markov,singlehop,1.05,1.0,0.0,0.0,0.0,,0.507205,0.0133826,0.0151438,0.330433,0.00864424,0.00978188,23.8905,3.74157,4.23399,6527,418.213,473.252,422.156,7.45251,8.43331,0.218848,0.00328134,0.00371318,0.0435202,0.0011399,0.00128991
mobility_boundary,main_boundary,06_analysis/paper_tables/round5_mobility_transfer/aggregate_metrics.csv,3,ablation_isac_one_slot_delay,100,10.0,density,random_direction,singlehop,1.05,1.0,0.0,0.0,0.0,,0.0624242,0.00281382,0.00318413,0.292529,0.00206038,0.00233154,0.479658,0.34652,0.392125,641.667,13.0213,14.735,580.137,0.913769,1.03403,0.0552557,0.00236752,0.0026791,0.00530028,0.000242707,0.000274648
mobility_boundary,main_boundary,06_analysis/paper_tables/round5_mobility_transfer/aggregate_metrics.csv,3,ablation_isac_one_slot_delay,100,15.0,density,random_direction,singlehop,1.05,1.0,0.0,0.0,0.0,,0.140539,0.00714503,0.00808536,0.212311,0.000374118,0.000423354,1.78252,1.41274,1.59866,3770,362.619,410.342,557.269,3.29408,3.72761,0.0797772,0.0024103,0.00272751,0.0120077,0.000618232,0.000699595
mobility_boundary,main_boundary,06_analysis/paper_tables/round5_mobility_transfer/aggregate_metrics.csv,3,ablation_isac_one_slot_delay,100,10.0,density,random_walk,singlehop,1.05,1.0,0.0,0.0,0.0,,0.0967677,0.00426641,0.00482789,0.761719,0.00461615,0.00522366,2.09834,0.244866,0.277092,27,5.09902,5.77008,572.335,0.863876,0.977568,0.0962425,0.00423957,0.00479752,0.00823528,0.000368339,0.000416814
mobility_boundary,main_boundary,06_analysis/paper_tables/round5_mobility_transfer/aggregate_metrics.csv,3,ablation_isac_one_slot_delay,100,15.0,density,random_walk,singlehop,1.05,1.0,0.0,0.0,0.0,,0.295286,0.00981457,0.0111062,0.639674,0.00319339,0.00361367,13.1006,2.53878,2.8729,391.333,49.8687,56.4318,510.189,2.85886,3.23511,0.273591,0.00658151,0.00744768,0.0252815,0.000848711,0.000960407
mobility_boundary,main_boundary,06_analysis/paper_tables/round5_mobility_transfer/aggregate_metrics.csv,3,ablation_isac_one_slot_delay,100,10.0,density,random_waypoint,singlehop,1.05,1.0,0.0,0.0,0.0,,0.0140067,0.00181693,0.00205605,0.140099,0.00145132,0.00164233,-1.12803e-15,1.60092e-16,1.81161e-16,2120.33,733.219,829.715,593.781,0.746657,0.844922,0.00978928,0.000564917,0.000639264,0.0011762,0.000153656,0.000173878
mobility_boundary,main_boundary,06_analysis/paper_tables/round5_mobility_transfer/aggregate_metrics.csv,3,ablation_isac_one_slot_delay,100,15.0,density,random_waypoint,singlehop,1.05,1.0,0.0,0.0,0.0,,0.0386532,0.00138334,0.0015654,0.108418,0.001648,0.00186488,1.18904e-15,1.43989e-15,1.62939e-15,7317.33,1654.75,1872.53,585.411,0.763564,0.864054,0.0158748,0.00209763,0.0023737,0.0032754,0.000119306,0.000135007
mobility_boundary,main_boundary,06_analysis/paper_tables/round5_mobility_transfer/aggregate_metrics.csv,3,improved_rl_isac,100,10.0,density,gauss_markov,singlehop,1.05,1.0,0.0,0.0,0.0,,0.365455,0.00361761,0.00409371,0.49858,0.00660572,0.00747508,12.9222,1.90076,2.15092,1050,20.1163,22.7638,477.986,3.82003,4.32277,0.301498,0.00253299,0.00286635,0.0313563,0.000280715,0.000317659
mobility_boundary,main_boundary,06_analysis/paper_tables/round5_mobility_transfer/aggregate_metrics.csv,3,improved_rl_isac,100,15.0,density,gauss_markov,singlehop,1.05,1.0,0.0,0.0,0.0,,0.54404,0.0025713,0.0029097,0.329271,0.00624506,0.00706695,26.8413,3.93158,4.449,8285,346.884,392.536,406.745,0.98341,1.11283,0.203634,0.00609338,0.00689531,0.0467047,0.000253791,0.000287191
mobility_boundary,main_boundary,06_analysis/paper_tables/round5_mobility_transfer/aggregate_metrics.csv,3,improved_rl_isac,100,10.0,density,random_direction,singlehop,1.05,1.0,0.0,0.0,0.0,,0.0626936,0.00439313,0.0049713,0.290194,0.00356309,0.00403202,0.219661,0.310648,0.351531,654.667,70.3199,79.5745,580.826,1.32736,1.50205,0.0553367,0.00326343,0.00369292,0.00532314,0.000373461,0.000422611
mobility_boundary,main_boundary,06_analysis/paper_tables/round5_mobility_transfer/aggregate_metrics.csv,3,improved_rl_isac,100,15.0,density,random_direction,singlehop,1.05,1.0,0.0,0.0,0.0,,0.135825,0.00985883,0.0111563,0.212499,0.00260036,0.00294258,3.72305,0.354524,0.401182,3649.33,589.581,667.174,558.232,3.24458,3.67159,0.0781745,0.00132799,0.00150276,0.0116072,0.000840587,0.000951214
mobility_boundary,main_boundary,06_analysis/paper_tables/round5_mobility_transfer/aggregate_metrics.csv,3,improved_rl_isac,100,10.0,density,random_walk,singlehop,1.05,1.0,0.0,0.0,0.0,,0.202424,0.00857258,0.00970079,0.763117,0.00721007,0.00815896,5.95356,0.496451,0.561787,129.667,24.2395,27.4296,540.086,2.22328,2.51587,0.197226,0.0075624,0.00855766,0.0173242,0.00072119,0.000816103
mobility_boundary,main_boundary,06_analysis/paper_tables/round5_mobility_transfer/aggregate_metrics.csv,3,improved_rl_isac,100,15.0,density,random_walk,singlehop,1.05,1.0,0.0,0.0,0.0,,0.451313,0.0112999,0.012787,0.642581,0.00421334,0.00476784,24.183,0.770803,0.872245,1008.67,130.895,148.122,454.51,2.65923,3.0092,0.374961,0.0073553,0.0083233,0.0387052,0.000960925,0.00108739
mobility_boundary,main_boundary,06_analysis/paper_tables/round5_mobility_transfer/aggregate_metrics.csv,3,improved_rl_isac,100,10.0,density,random_waypoint,singlehop,1.05,1.0,0.0,0.0,0.0,,0.0153535,0.000659795,0.000746629,0.137672,0.00127427,0.00144197,-1.10041e-15,5.48809e-17,6.21035e-17,1500.67,560.762,634.562,593.277,0.176372,0.199584,0.0118307,0.000579838,0.000656149,0.00129053,5.58128e-05,6.31581e-05
mobility_boundary,main_boundary,06_analysis/paper_tables/round5_mobility_transfer/aggregate_metrics.csv,3,improved_rl_isac,100,15.0,density,random_waypoint,singlehop,1.05,1.0,0.0,0.0,0.0,,0.0388552,0.00149671,0.00169368,0.108981,0.00102397,0.00115873,0.123788,0.175062,0.198102,5443.67,474.739,537.218,585.76,0.304893,0.345019,0.0185483,0.00119834,0.00135605,0.00329251,0.000128678,0.000145613
mobility_boundary,main_boundary,06_analysis/paper_tables/round5_mobility_transfer/aggregate_metrics.csv,3,improved_rl_no_isac,100,10.0,density,gauss_markov,singlehop,1.05,1.0,0.0,0.0,0.0,,0.000673401,0.000190466,0.000215533,0.901089,0.000265387,0.000300314,0,0,0,0,0,0,599.777,0.093502,0.105807,0.000673401,0.000190466,0.000215533,5.67308e-05,1.60533e-05,1.8166e-05
mobility_boundary,main_boundary,06_analysis/paper_tables/round5_mobility_transfer/aggregate_metrics.csv,3,improved_rl_no_isac,100,15.0,density,gauss_markov,singlehop,1.05,1.0,0.0,0.0,0.0,,0.00377104,0.000779518,0.000882107,0.834431,0.00232356,0.00262936,-5.14878e-16,3.7021e-16,4.18933e-16,0,0,0,598.741,0.179875,0.203548,0.00377104,0.000779518,0.000882107,0.000318211,6.58584e-05,7.45258e-05
mobility_boundary,main_boundary,06_analysis/paper_tables/round5_mobility_transfer/aggregate_metrics.csv,3,improved_rl_no_isac,100,10.0,density,random_direction,singlehop,1.05,1.0,0.0,0.0,0.0,,0.000875421,9.52332e-05,0.000107767,0.902173,0.000484554,0.000548324,0,0,0,0,0,0,599.815,0.014914,0.0168767,0.000875421,9.52332e-05,0.000107767,7.37464e-05,8.0235e-06,9.07944e-06
mobility_boundary,main_boundary,06_analysis/paper_tables/round5_mobility_transfer/aggregate_metrics.csv,3,improved_rl_no_isac,100,15.0,density,random_direction,singlehop,1.05,1.0,0.0,0.0,0.0,,0.0037037,0.000343368,0.000388558,0.833617,0.00197551,0.0022355,-7.30788e-16,1.57846e-16,1.7862e-16,0,0,0,598.849,0.268945,0.304339,0.0037037,0.000343368,0.000388558,0.000312468,2.90502e-05,3.28734e-05
mobility_boundary,main_boundary,06_analysis/paper_tables/round5_mobility_transfer/aggregate_metrics.csv,3,improved_rl_no_isac,100,10.0,density,random_walk,singlehop,1.05,1.0,0.0,0.0,0.0,,0.0003367,0.000190466,0.000215533,0.902356,0.000683896,0.000773902,0,0,0,0,0,0,599.903,0.0667114,0.0754911,0.0003367,0.000190466,0.000215533,2.83566e-05,1.60435e-05,1.81549e-05
mobility_boundary,main_boundary,06_analysis/paper_tables/round5_mobility_transfer/aggregate_metrics.csv,3,improved_rl_no_isac,100,15.0,density,random_walk,singlehop,1.05,1.0,0.0,0.0,0.0,,0.00410774,0.00100785,0.00114049,0.834149,0.00211842,0.00239721,-2.90617e-16,3.45769e-16,3.91275e-16,0,0,0,598.668,0.231652,0.262139,0.00410774,0.00100785,0.00114049,0.000346753,8.51756e-05,9.63853e-05
mobility_boundary,main_boundary,06_analysis/paper_tables/round5_mobility_transfer/aggregate_metrics.csv,3,improved_rl_no_isac,100,10.0,density,random_waypoint,singlehop,1.05,1.0,0.0,0.0,0.0,,0.0003367,0.000343368,0.000388558,0.903438,0.000185856,0.000210315,0,0,0,0,0,0,599.93,0.0566609,0.0641178,0.0003367,0.000343368,0.000388558,2.83556e-05,2.89181e-05,3.27239e-05
mobility_boundary,main_boundary,06_analysis/paper_tables/round5_mobility_transfer/aggregate_metrics.csv,3,improved_rl_no_isac,100,15.0,density,random_waypoint,singlehop,1.05,1.0,0.0,0.0,0.0,,0.0037037,9.52332e-05,0.000107767,0.839883,0.00207076,0.00234329,-4.6136e-16,3.30406e-16,3.73889e-16,0,0,0,598.859,0.195413,0.22113,0.0037037,9.52332e-05,0.000107767,0.000312417,7.9879e-06,9.03916e-06
slot_duration_sensitivity,supplement,06_analysis/paper_tables/round6_slot_duration_sensitivity/aggregate_metrics.csv,3,ablation_isac_one_slot_delay,100,10.0,density,gauss_markov,singlehop,1.05,1.0,0.0,0.0,0.0,1.0,0.291785,0.0125592,0.0142121,0.498603,0.00992005,0.0112256,8.2646,2.45722,2.78061,625,105.852,119.783,504.902,7.12613,8.06397,0.259,0.0078339,0.00886489,0.024993,0.00107122,0.0012122
slot_duration_sensitivity,supplement,06_analysis/paper_tables/round6_slot_duration_sensitivity/aggregate_metrics.csv,3,ablation_isac_one_slot_delay,100,10.0,density,gauss_markov,singlehop,1.05,1.0,0.0,0.0,0.0,10.0,0.293266,0.0146241,0.0165487,0.498707,0.0112635,0.0127459,8.53836,1.65634,1.87433,691,57.2771,64.8151,505.643,5.6566,6.40105,0.257299,0.0115971,0.0131234,0.0251221,0.00125432,0.00141939
slot_duration_sensitivity,supplement,06_analysis/paper_tables/round6_slot_duration_sensitivity/aggregate_metrics.csv,3,ablation_isac_one_slot_delay,100,10.0,density,gauss_markov,singlehop,1.05,1.0,0.0,0.0,0.0,20.0,0.291582,0.0161787,0.0183079,0.499995,0.00963202,0.0108997,8.64132,0.0779182,0.0881727,684.667,56.8878,64.3746,504.023,6.88748,7.79392,0.256038,0.011638,0.0131697,0.0249778,0.00138659,0.00156907
slot_duration_sensitivity,supplement,06_analysis/paper_tables/round6_slot_duration_sensitivity/aggregate_metrics.csv,3,ablation_isac_one_slot_delay,100,10.0,density,gauss_markov,singlehop,1.05,1.0,0.0,0.0,0.0,5.0,0.298923,0.0105584,0.011948,0.494694,0.00634347,0.00717831,8.47087,1.94019,2.19553,697,17.2047,19.4689,501.741,5.69956,6.44966,0.262006,0.00857402,0.00970242,0.0256069,0.000905529,0.0010247
slot_duration_sensitivity,supplement,06_analysis/paper_tables/round6_slot_duration_sensitivity/aggregate_metrics.csv,3,improved_rl_isac,100,10.0,density,gauss_markov,singlehop,1.05,1.0,0.0,0.0,0.0,1.0,0.356431,0.0137476,0.0155569,0.502118,0.0086248,0.00975988,12.869,2.79258,3.1601,1053.67,88.9282,100.632,481.143,5.2751,5.96933,0.293818,0.00870368,0.00984915,0.0305769,0.0011841,0.00133994
slot_duration_sensitivity,supplement,06_analysis/paper_tables/round6_slot_duration_sensitivity/aggregate_metrics.csv,3,improved_rl_isac,100,10.0,density,gauss_markov,singlehop,1.05,1.0,0.0,0.0,0.0,10.0,0.369562,0.0120946,0.0136864,0.499095,0.00909529,0.0102923,12.7059,3.44075,3.89357,1101.33,70.4856,79.762,473.678,3.90508,4.41902,0.302235,0.00674603,0.00763385,0.0317128,0.00105144,0.00118982
slot_duration_sensitivity,supplement,06_analysis/paper_tables/round6_slot_duration_sensitivity/aggregate_metrics.csv,3,improved_rl_isac,100,10.0,density,gauss_markov,singlehop,1.05,1.0,0.0,0.0,0.0,20.0,0.364444,0.0154841,0.0175219,0.503118,0.0108941,0.0123278,13.2361,1.16662,1.32016,1082.67,50.0755,56.6658,475.422,5.32636,6.02734,0.298987,0.0112196,0.0126961,0.0312706,0.00134048,0.0015169
slot_duration_sensitivity,supplement,06_analysis/paper_tables/round6_slot_duration_sensitivity/aggregate_metrics.csv,3,improved_rl_isac,100,10.0,density,gauss_markov,singlehop,1.05,1.0,0.0,0.0,0.0,5.0,0.365455,0.00361761,0.00409371,0.49858,0.00660572,0.00747508,12.9222,1.90076,2.15092,1050,20.1163,22.7638,477.986,3.82003,4.32277,0.301498,0.00253299,0.00286635,0.0313563,0.000280715,0.000317659
slot_duration_sensitivity,supplement,06_analysis/paper_tables/round6_slot_duration_sensitivity/aggregate_metrics.csv,3,improved_rl_no_isac,100,10.0,density,gauss_markov,singlehop,1.05,1.0,0.0,0.0,0.0,1.0,0.000942761,0.000415112,0.000469744,0.901476,0.00123886,0.0014019,0,0,0,0,0,0,599.732,0.110525,0.125071,0.000942761,0.000415112,0.000469744,7.94265e-05,3.49779e-05,3.95812e-05
slot_duration_sensitivity,supplement,06_analysis/paper_tables/round6_slot_duration_sensitivity/aggregate_metrics.csv,3,improved_rl_no_isac,100,10.0,density,gauss_markov,singlehop,1.05,1.0,0.0,0.0,0.0,10.0,0.000673401,0.000190466,0.000215533,0.901024,0.000809858,0.000916441,0,0,0,0,0,0,599.79,0.0879096,0.099479,0.000673401,0.000190466,0.000215533,5.67324e-05,1.60544e-05,1.81672e-05
slot_duration_sensitivity,supplement,06_analysis/paper_tables/round6_slot_duration_sensitivity/aggregate_metrics.csv,3,improved_rl_no_isac,100,10.0,density,gauss_markov,singlehop,1.05,1.0,0.0,0.0,0.0,20.0,0.000740741,0.000415112,0.000469744,0.901361,0.00173789,0.00196661,0,0,0,0,0,0,599.773,0.11567,0.130893,0.000740741,0.000415112,0.000469744,6.2417e-05,3.4988e-05,3.95927e-05
slot_duration_sensitivity,supplement,06_analysis/paper_tables/round6_slot_duration_sensitivity/aggregate_metrics.csv,3,improved_rl_no_isac,100,10.0,density,gauss_markov,singlehop,1.05,1.0,0.0,0.0,0.0,5.0,0.000673401,0.000190466,0.000215533,0.901089,0.000265387,0.000300314,0,0,0,0,0,0,599.777,0.093502,0.105807,0.000673401,0.000190466,0.000215533,5.67308e-05,1.60533e-05,1.8166e-05
round7_scale_beam_stress,supplement,06_analysis/paper_tables/round7_scale_beam_grid_light/aggregate_metrics.csv,2,improved_rl_isac,100,10.0,density,gauss_markov,singlehop,1.05,1.0,0.0,0.0,0.0,5.0,0.373838,0.0225253,0.0312184,0.543743,0.00573466,0.00794783,12.1462,1.53567,2.12833,1125,50,69.2965,475.506,7.03828,9.75456,0.304479,0.0158479,0.0219641,0.0320554,0.00193395,0.00268032
round7_scale_beam_stress,supplement,06_analysis/paper_tables/round7_scale_beam_grid_light/aggregate_metrics.csv,2,improved_rl_isac,100,15.0,density,gauss_markov,singlehop,1.05,1.0,0.0,0.0,0.0,5.0,0.545556,0.00252525,0.00349982,0.395842,0.0101543,0.0140731,27.4288,2.8276,3.91886,8887,657,910.556,405.377,0.650606,0.901694,0.195649,0.0101931,0.0141269,0.0468146,0.000226433,0.00031382
round7_scale_beam_stress,supplement,06_analysis/paper_tables/round7_scale_beam_grid_light/aggregate_metrics.csv,2,improved_rl_isac,100,3.0,density,gauss_markov,singlehop,1.05,1.0,0.0,0.0,0.0,5.0,0.0128283,0.00232323,0.00321984,0.945581,0.00262368,0.00363623,-9.84584e-16,1.19562e-18,1.65705e-18,0,0,0,596.563,0.886061,1.22802,0.0128283,0.00232323,0.00321984,0.00107397,0.000195517,0.000270973
round7_scale_beam_stress,supplement,06_analysis/paper_tables/round7_scale_beam_grid_light/aggregate_metrics.csv,2,improved_rl_isac,100,30.0,density,gauss_markov,singlehop,1.05,1.0,0.0,0.0,0.0,5.0,0.462222,0.0139394,0.019319,0.26228,0.00370473,0.00513449,27.6886,2.01142,2.78769,85032.5,2771.5,3841.1,438.022,7.56778,10.4884,0.025475,0.00155146,0.00215021,0.0396525,0.00121092,0.00167825
round7_scale_beam_stress,supplement,06_analysis/paper_tables/round7_scale_beam_grid_light/aggregate_metrics.csv,2,improved_rl_isac,100,5.0,density,gauss_markov,singlehop,1.05,1.0,0.0,0.0,0.0,5.0,0.0908081,0.0059596,0.00825958,0.825123,0.00433928,0.00601393,0.890452,0.0103964,0.0144087,16,0,0,573.034,1.81798,2.51959,0.0905155,0.00594039,0.00823297,0.00772431,0.000514137,0.000712558
round7_scale_beam_stress,supplement,06_analysis/paper_tables/round7_scale_beam_grid_light/aggregate_metrics.csv,2,improved_rl_no_isac,100,10.0,density,gauss_markov,singlehop,1.05,1.0,0.0,0.0,0.0,5.0,0.000505051,0.00010101,0.000139993,0.901486,6.58078e-05,9.12049e-05,0,0,0,0,0,0,599.822,0.0871717,0.120814,0.000505051,0.00010101,0.000139993,4.25451e-05,8.51701e-06,1.1804e-05
round7_scale_beam_stress,supplement,06_analysis/paper_tables/round7_scale_beam_grid_light/aggregate_metrics.csv,2,improved_rl_no_isac,100,15.0,density,gauss_markov,singlehop,1.05,1.0,0.0,0.0,0.0,5.0,0.00323232,0.00020202,0.000279986,0.835741,0.00163566,0.00226691,-4.27265e-16,4.27265e-16,5.92159e-16,0,0,0,598.849,0.118182,0.163792,0.00323232,0.00020202,0.000279986,0.000272706,1.71437e-05,2.37599e-05
round7_scale_beam_stress,supplement,06_analysis/paper_tables/round7_scale_beam_grid_light/aggregate_metrics.csv,2,improved_rl_no_isac,100,3.0,density,gauss_markov,singlehop,1.05,1.0,0.0,0.0,0.0,5.0,0,0,0,0.986774,4.1965e-05,5.81606e-05,0,0,0,0,0,0,600,0,0,0,0,0,0,0,0
round7_scale_beam_stress,supplement,06_analysis/paper_tables/round7_scale_beam_grid_light/aggregate_metrics.csv,2,improved_rl_no_isac,100,30.0,density,gauss_markov,singlehop,1.05,1.0,0.0,0.0,0.0,5.0,0.0473737,0.00434343,0.00601969,0.667835,0.00212508,0.00294521,6.3316e-15,2.4361e-15,3.37627e-15,19,3,4.15779,585.859,1.59707,2.21343,0.04719,0.00429834,0.00595719,0.00407197,0.000379434,0.000525869
round7_scale_beam_stress,supplement,06_analysis/paper_tables/round7_scale_beam_grid_light/aggregate_metrics.csv,2,improved_rl_no_isac,100,5.0,density,gauss_markov,singlehop,1.05,1.0,0.0,0.0,0.0,5.0,0,0,0,0.966667,0.000401176,0.000556002,0,0,0,0,0,0,600,0,0,0,0,0,0,0,0
round7_scale_beam_stress,supplement,06_analysis/paper_tables/round7_scale_beam_grid_light/aggregate_metrics.csv,2,uniform_random,100,10.0,density,gauss_markov,singlehop,1.05,1.0,0.0,0.0,0.0,5.0,0.000505051,0.00010101,0.000139993,0.901737,0.00178366,0.00247203,0,0,0,0,0,0,599.873,0.0234343,0.0324783,0.000505051,0.00010101,0.000139993,4.89923e-05,9.81275e-06,1.35998e-05
round7_scale_beam_stress,supplement,06_analysis/paper_tables/round7_scale_beam_grid_light/aggregate_metrics.csv,2,uniform_random,100,15.0,density,gauss_markov,singlehop,1.05,1.0,0.0,0.0,0.0,5.0,0.00272727,0.00010101,0.000139993,0.834082,0.00183361,0.00254125,-5.55112e-17,5.55112e-17,7.69345e-17,0,0,0,599.117,0.0343434,0.0475976,0.00272727,0.00010101,0.000139993,0.000264545,9.87822e-06,1.36905e-05
round7_scale_beam_stress,supplement,06_analysis/paper_tables/round7_scale_beam_grid_light/aggregate_metrics.csv,2,uniform_random,100,3.0,density,gauss_markov,singlehop,1.05,1.0,0.0,0.0,0.0,5.0,0,0,0,0.986979,0.0002018,0.000279681,0,0,0,0,0,0,600,0,0,0,0,0,0,0,0
round7_scale_beam_stress,supplement,06_analysis/paper_tables/round7_scale_beam_grid_light/aggregate_metrics.csv,2,uniform_random,100,30.0,density,gauss_markov,singlehop,1.05,1.0,0.0,0.0,0.0,5.0,0.0391919,0.000606061,0.000839957,0.665177,0.00118926,0.00164823,0.190816,0.190816,0.264457,10,4,5.54372,588.148,0.321111,0.445037,0.0391124,0.000573296,0.000794548,0.00380156,5.76326e-05,7.98747e-05
round7_scale_beam_stress,supplement,06_analysis/paper_tables/round7_scale_beam_grid_light/aggregate_metrics.csv,2,uniform_random,100,5.0,density,gauss_markov,singlehop,1.05,1.0,0.0,0.0,0.0,5.0,0,0,0,0.966246,7.88372e-05,0.000109263,0,0,0,0,0,0,600,0,0,0,0,0,0,0,0
round7_mobility_stress,supplement,06_analysis/paper_tables/round7_n100_multimobility_600slot/aggregate_metrics.csv,3,ablation_isac_one_slot_delay,100,10.0,density,gauss_markov,singlehop,1.05,1.0,0.0,0.0,0.0,5.0,0.319192,0.00698067,0.00789937,0.536999,0.00431855,0.00488689,10.5512,2.03473,2.30252,733,47.3357,53.5654,495.935,3.61585,4.09172,0.277994,0.00397457,0.00449765,0.0273576,0.000601586,0.000680758
round7_mobility_stress,supplement,06_analysis/paper_tables/round7_n100_multimobility_600slot/aggregate_metrics.csv,3,ablation_isac_one_slot_delay,100,15.0,density,gauss_markov,singlehop,1.05,1.0,0.0,0.0,0.0,5.0,0.524579,0.00272207,0.00308031,0.390249,0.00460491,0.00521094,24.2637,0.885016,1.00149,7355,113.713,128.678,416.094,2.13658,2.41777,0.211034,0.00101259,0.00114585,0.0450401,0.000232003,0.000262536
round7_mobility_stress,supplement,06_analysis/paper_tables/round7_n100_multimobility_600slot/aggregate_metrics.csv,3,ablation_isac_one_slot_delay,100,10.0,density,random_direction,singlehop,1.05,1.0,0.0,0.0,0.0,5.0,0.0774411,0.00435581,0.00492907,0.344642,0.0056391,0.00638124,0.477844,0.360536,0.407984,897.333,83.5637,94.5612,576.408,1.18692,1.34313,0.0655298,0.00299629,0.00339062,0.00659175,0.000376953,0.000426562
round7_mobility_stress,supplement,06_analysis/paper_tables/round7_n100_multimobility_600slot/aggregate_metrics.csv,3,ablation_isac_one_slot_delay,100,15.0,density,random_direction,singlehop,1.05,1.0,0.0,0.0,0.0,5.0,0.156364,0.006433,0.00727963,0.281437,0.000586309,0.000663471,4.20816,1.11205,1.2584,4079,298.162,337.402,551.289,2.71403,3.07122,0.0857013,0.000682989,0.000772875,0.0133699,0.000562534,0.000636567
round7_mobility_stress,supplement,06_analysis/paper_tables/round7_n100_multimobility_600slot/aggregate_metrics.csv,3,ablation_isac_one_slot_delay,100,10.0,density,random_walk,singlehop,1.05,1.0,0.0,0.0,0.0,5.0,0.0820875,0.00144114,0.0016308,0.791215,0.00414136,0.00468639,1.12037,0.458,0.518276,14.3333,5.4365,6.15198,577.464,0.280621,0.317553,0.0818519,0.00150757,0.00170598,0.00697571,0.000119471,0.000135194
round7_mobility_stress,supplement,06_analysis/paper_tables/round7_n100_multimobility_600slot/aggregate_metrics.csv,3,ablation_isac_one_slot_delay,100,15.0,density,random_walk,singlehop,1.05,1.0,0.0,0.0,0.0,5.0,0.287542,0.0111256,0.0125898,0.675208,0.00473425,0.00535731,12.4953,1.44986,1.64067,280.667,25.3815,28.7219,512.75,4.8039,5.43613,0.272068,0.00923821,0.010454,0.024636,0.000976544,0.00110506
round7_mobility_stress,supplement,06_analysis/paper_tables/round7_n100_multimobility_600slot/aggregate_metrics.csv,3,ablation_isac_one_slot_delay,100,10.0,density,random_waypoint,singlehop,1.05,1.0,0.0,0.0,0.0,5.0,0.0292929,0.00183679,0.00207853,0.220003,0.00176695,0.00199949,-1.01843e-15,4.78154e-16,5.41082e-16,2101,383.253,433.691,591.119,0.109082,0.123438,0.0205999,0.0013778,0.00155913,0.00246724,0.000154925,0.000175314
round7_mobility_stress,supplement,06_analysis/paper_tables/round7_n100_multimobility_600slot/aggregate_metrics.csv,3,ablation_isac_one_slot_delay,100,15.0,density,random_waypoint,singlehop,1.05,1.0,0.0,0.0,0.0,5.0,0.0639057,0.0034965,0.00395666,0.157231,0.00228345,0.00258397,0.668389,0.110686,0.125254,5890.33,406.589,460.099,577.327,1.39552,1.57918,0.0291637,0.000569142,0.000644045,0.00544258,0.000302056,0.000341809
round7_mobility_stress,supplement,06_analysis/paper_tables/round7_n100_multimobility_600slot/aggregate_metrics.csv,3,improved_rl_isac,100,10.0,density,gauss_markov,singlehop,1.05,1.0,0.0,0.0,0.0,5.0,0.369966,0.0191897,0.0217152,0.542699,0.00490943,0.00555555,12.7548,1.52088,1.72104,1127,40.9227,46.3084,477.909,6.67636,7.55501,0.30127,0.0137123,0.015517,0.0317299,0.0016448,0.00186127
round7_mobility_stress,supplement,06_analysis/paper_tables/round7_n100_multimobility_600slot/aggregate_metrics.csv,3,improved_rl_isac,100,15.0,density,gauss_markov,singlehop,1.05,1.0,0.0,0.0,0.0,5.0,0.547744,0.00371898,0.00420842,0.394165,0.00862337,0.00975827,29.0615,3.26529,3.69502,8769.67,561.516,635.415,405.318,0.53784,0.608623,0.197989,0.00895648,0.0101352,0.0470277,0.000353455,0.000399972
round7_mobility_stress,supplement,06_analysis/paper_tables/round7_n100_multimobility_600slot/aggregate_metrics.csv,3,improved_rl_isac,100,10.0,density,random_direction,singlehop,1.05,1.0,0.0,0.0,0.0,5.0,0.0777104,0.00247606,0.00280193,0.346848,0.00469032,0.0053076,1.3726,0.416045,0.470799,930.333,128.536,145.452,576.058,1.47023,1.66372,0.065402,0.000696352,0.000787997,0.00661438,0.000210297,0.000237973
round7_mobility_stress,supplement,06_analysis/paper_tables/round7_n100_multimobility_600slot/aggregate_metrics.csv,3,improved_rl_isac,100,15.0,density,random_direction,singlehop,1.05,1.0,0.0,0.0,0.0,5.0,0.153333,0.00244102,0.00276227,0.281842,0.00129096,0.00146086,4.4742,0.393015,0.444738,3891.67,322.433,364.867,553.139,1.32595,1.50045,0.0859149,0.00206328,0.00233482,0.0131157,0.000203069,0.000229794
round7_mobility_stress,supplement,06_analysis/paper_tables/round7_n100_multimobility_600slot/aggregate_metrics.csv,3,improved_rl_isac,100,10.0,density,random_walk,singlehop,1.05,1.0,0.0,0.0,0.0,5.0,0.182222,0.00799108,0.00904276,0.792199,0.00352704,0.00399123,6.82879,1.66146,1.88012,99,16.0831,18.1998,547.308,1.53834,1.74079,0.17865,0.00783401,0.00886502,0.0155868,0.000677733,0.000766927
round7_mobility_stress,supplement,06_analysis/paper_tables/round7_n100_multimobility_600slot/aggregate_metrics.csv,3,improved_rl_isac,100,15.0,density,random_walk,singlehop,1.05,1.0,0.0,0.0,0.0,5.0,0.441414,0.00923271,0.0104478,0.671626,0.00249931,0.00282823,25.1352,0.344231,0.389534,840,83.4386,94.4197,458.889,4.34296,4.91452,0.377342,0.00287057,0.00324836,0.0378595,0.000755639,0.000855086
round7_mobility_stress,supplement,06_analysis/paper_tables/round7_n100_multimobility_600slot/aggregate_metrics.csv,3,improved_rl_isac,100,10.0,density,random_waypoint,singlehop,1.05,1.0,0.0,0.0,0.0,5.0,0.0311785,0.00152373,0.00172426,0.217887,0.000628152,0.000710821,-6.59577e-16,4.21752e-16,4.77257e-16,1619.67,68.6165,77.6469,590.439,0.109295,0.123679,0.0234829,0.000907993,0.00102749,0.00262734,0.000128383,0.000145279
round7_mobility_stress,supplement,06_analysis/paper_tables/round7_n100_multimobility_600slot/aggregate_metrics.csv,3,improved_rl_isac,100,15.0,density,random_waypoint,singlehop,1.05,1.0,0.0,0.0,0.0,5.0,0.0628956,0.00299796,0.00339251,0.159524,0.00354482,0.00401134,1.12889,0.268964,0.304362,8047.67,351.175,397.392,577.277,1.03619,1.17256,0.0239983,0.00172723,0.00195455,0.00535997,0.00025636,0.000290099
round7_mobility_stress,supplement,06_analysis/paper_tables/round7_n100_multimobility_600slot/aggregate_metrics.csv,3,improved_rl_no_isac,100,10.0,density,gauss_markov,singlehop,1.05,1.0,0.0,0.0,0.0,5.0,0.000606061,0.000164949,0.000186657,0.901254,0.000333601,0.000377505,0,0,0,0,0,0,599.786,0.0875595,0.0990829,0.000606061,0.000164949,0.000186657,5.10573e-05,1.39023e-05,1.57319e-05
round7_mobility_stress,supplement,06_analysis/paper_tables/round7_n100_multimobility_600slot/aggregate_metrics.csv,3,improved_rl_no_isac,100,15.0,density,gauss_markov,singlehop,1.05,1.0,0.0,0.0,0.0,5.0,0.0037037,0.000686737,0.000777116,0.834541,0.00216016,0.00244445,-2.84843e-16,4.0283e-16,4.55845e-16,0,0,0,598.758,0.160216,0.181302,0.0037037,0.000686737,0.000777116,0.000312537,5.80416e-05,6.56802e-05
round7_mobility_stress,supplement,06_analysis/paper_tables/round7_n100_multimobility_600slot/aggregate_metrics.csv,3,improved_rl_no_isac,100,10.0,density,random_direction,singlehop,1.05,1.0,0.0,0.0,0.0,5.0,0.000875421,9.52332e-05,0.000107767,0.90215,0.000487296,0.000551428,0,0,0,0,0,0,599.815,0.014914,0.0168767,0.000875421,9.52332e-05,0.000107767,7.37464e-05,8.0235e-06,9.07944e-06
round7_mobility_stress,supplement,06_analysis/paper_tables/round7_n100_multimobility_600slot/aggregate_metrics.csv,3,improved_rl_no_isac,100,15.0,density,random_direction,singlehop,1.05,1.0,0.0,0.0,0.0,5.0,0.00377104,0.000415112,0.000469744,0.833537,0.00200865,0.00227301,-7.91459e-16,1.53875e-16,1.74126e-16,0,0,0,598.842,0.277835,0.3144,0.00377104,0.000415112,0.000469744,0.000318153,3.51274e-05,3.97504e-05
round7_mobility_stress,supplement,06_analysis/paper_tables/round7_n100_multimobility_600slot/aggregate_metrics.csv,3,improved_rl_no_isac,100,10.0,density,random_walk,singlehop,1.05,1.0,0.0,0.0,0.0,5.0,0.0003367,0.000190466,0.000215533,0.902344,0.000684017,0.000774038,0,0,0,0,0,0,599.903,0.0667114,0.0754911,0.0003367,0.000190466,0.000215533,2.83566e-05,1.60435e-05,1.81549e-05
round7_mobility_stress,supplement,06_analysis/paper_tables/round7_n100_multimobility_600slot/aggregate_metrics.csv,3,improved_rl_no_isac,100,15.0,density,random_walk,singlehop,1.05,1.0,0.0,0.0,0.0,5.0,0.00410774,0.00100785,0.00114049,0.834081,0.00211051,0.00238827,-2.90617e-16,3.45769e-16,3.91275e-16,0,0,0,598.668,0.231652,0.262139,0.00410774,0.00100785,0.00114049,0.000346753,8.51756e-05,9.63853e-05
round7_mobility_stress,supplement,06_analysis/paper_tables/round7_n100_multimobility_600slot/aggregate_metrics.csv,3,improved_rl_no_isac,100,10.0,density,random_waypoint,singlehop,1.05,1.0,0.0,0.0,0.0,5.0,0.0003367,0.000343368,0.000388558,0.903455,0.000208672,0.000236135,0,0,0,0,0,0,599.93,0.0566609,0.0641178,0.0003367,0.000343368,0.000388558,2.83556e-05,2.89181e-05,3.27239e-05
round7_mobility_stress,supplement,06_analysis/paper_tables/round7_n100_multimobility_600slot/aggregate_metrics.csv,3,improved_rl_no_isac,100,15.0,density,random_waypoint,singlehop,1.05,1.0,0.0,0.0,0.0,5.0,0.00363636,0.000164949,0.000186657,0.839423,0.00148756,0.00168333,-4.6136e-16,3.30406e-16,3.73889e-16,0,0,0,598.903,0.140203,0.158655,0.00363636,0.000164949,0.000186657,0.000306734,1.38245e-05,1.56439e-05
round7_mobility_stress,supplement,06_analysis/paper_tables/round7_n100_multimobility_600slot/aggregate_metrics.csv,3,uniform_random,100,10.0,density,gauss_markov,singlehop,1.05,1.0,0.0,0.0,0.0,5.0,0.00047138,9.52332e-05,0.000107767,0.901506,0.00149257,0.001689,0,0,0,0,0,0,599.902,0.045459,0.0514417,0.00047138,9.52332e-05,0.000107767,4.57614e-05,9.22337e-06,1.04372e-05
round7_mobility_stress,supplement,06_analysis/paper_tables/round7_n100_multimobility_600slot/aggregate_metrics.csv,3,uniform_random,100,15.0,density,gauss_markov,singlehop,1.05,1.0,0.0,0.0,0.0,5.0,0.0023569,0.000530236,0.000600019,0.834303,0.00152936,0.00173064,-2.74765e-16,3.13366e-16,3.54608e-16,0,0,0,599.251,0.191766,0.217004,0.0023569,0.000530236,0.000600019,0.000228763,5.12425e-05,5.79863e-05
round7_mobility_stress,supplement,06_analysis/paper_tables/round7_n100_multimobility_600slot/aggregate_metrics.csv,3,uniform_random,100,10.0,density,random_direction,singlehop,1.05,1.0,0.0,0.0,0.0,5.0,0.000740741,0.000415112,0.000469744,0.900801,0.00179514,0.00203139,0,0,0,0,0,0,599.761,0.129858,0.146948,0.000740741,0.000415112,0.000469744,7.18731e-05,4.02543e-05,4.5552e-05
round7_mobility_stress,supplement,06_analysis/paper_tables/round7_n100_multimobility_600slot/aggregate_metrics.csv,3,uniform_random,100,15.0,density,random_direction,singlehop,1.05,1.0,0.0,0.0,0.0,5.0,0.00215488,0.000686737,0.000777116,0.835217,0.00157976,0.00178767,0,0,0,0,0,0,599.317,0.279419,0.316193,0.00215488,0.000686737,0.000777116,0.000209133,6.64821e-05,7.52316e-05
round7_mobility_stress,supplement,06_analysis/paper_tables/round7_n100_multimobility_600slot/aggregate_metrics.csv,3,uniform_random,100,10.0,density,random_walk,singlehop,1.05,1.0,0.0,0.0,0.0,5.0,0.00026936,9.52332e-05,0.000107767,0.901296,0.00184535,0.00208821,0,0,0,0,0,0,599.929,0.0778197,0.0880613,0.00026936,9.52332e-05,0.000107767,2.61637e-05,9.28853e-06,1.0511e-05
round7_mobility_stress,supplement,06_analysis/paper_tables/round7_n100_multimobility_600slot/aggregate_metrics.csv,3,uniform_random,100,15.0,density,random_walk,singlehop,1.05,1.0,0.0,0.0,0.0,5.0,0.00262626,0.000718995,0.00081362,0.834839,0.000329365,0.000372711,-2.7674e-16,1.98182e-16,2.24264e-16,0,0,0,599.156,0.330183,0.373637,0.00262626,0.000718995,0.00081362,0.000255019,6.99469e-05,7.91524e-05
round7_mobility_stress,supplement,06_analysis/paper_tables/round7_n100_multimobility_600slot/aggregate_metrics.csv,3,uniform_random,100,10.0,density,random_waypoint,singlehop,1.05,1.0,0.0,0.0,0.0,5.0,0.00047138,0.000251963,0.000285123,0.903153,0.00120217,0.00136038,0,0,0,0,0,0,599.832,0.0958561,0.108471,0.00047138,0.000251963,0.000285123,4.57935e-05,2.45355e-05,2.77646e-05
round7_mobility_stress,supplement,06_analysis/paper_tables/round7_n100_multimobility_600slot/aggregate_metrics.csv,3,uniform_random,100,15.0,density,random_waypoint,singlehop,1.05,1.0,0.0,0.0,0.0,5.0,0.00276094,0.000251963,0.000285123,0.838396,0.00172593,0.00195307,-3.82546e-16,4.9303e-16,5.57915e-16,0,0,0,599.169,0.00526115,0.00595355,0.00276094,0.000251963,0.000285123,0.000268055,2.44468e-05,2.76641e-05
round7_error_profiles_quick,supplement_sanity,06_analysis/paper_tables/round7_error_profiles_quick/aggregate_metrics.csv,1,improved_rl_isac,100,10.0,density,gauss_markov,singlehop,1.05,1.0,0.0,0.0,0.0,5.0,0.351313,0,,0.549478,0,,10.6105,0,,1075,0,,482.544,0,,0.288631,0,,0.0301214,0,
round7_error_profiles_quick,supplement_sanity,06_analysis/paper_tables/round7_error_profiles_quick/aggregate_metrics.csv,1,improved_rl_isac,100,10.0,density,gauss_markov,singlehop,1.05,1.0,0.01,0.05,0.5,5.0,0.34,0,,0.594795,0,,12.5384,0,,639,0,,488.719,0,,0.301127,0,,0.0291424,0,
round7_error_profiles_quick,supplement_sanity,06_analysis/paper_tables/round7_error_profiles_quick/aggregate_metrics.csv,1,improved_rl_isac,100,10.0,density,gauss_markov,singlehop,1.05,1.0,0.05,0.15,1.0,5.0,0.28,0,,0.647376,0,,7.76768,0,,358,0,,511.64,0,,0.261115,0,,0.0239942,0,
round7_error_profiles_quick,supplement_sanity,06_analysis/paper_tables/round7_error_profiles_quick/aggregate_metrics.csv,1,improved_rl_isac,100,10.0,density,gauss_markov,singlehop,1.05,1.0,0.1,0.3,1.5,5.0,0.283434,0,,0.657781,0,,7.70991,0,,293,0,,512.465,0,,0.267595,0,,0.0242687,0,
round7_error_profiles_quick,supplement_sanity,06_analysis/paper_tables/round7_error_profiles_quick/aggregate_metrics.csv,1,improved_rl_no_isac,100,10.0,density,gauss_markov,singlehop,1.05,1.0,0.0,0.0,0.0,5.0,0.000606061,0,,0.901552,0,,0,0,,0,0,,599.735,0,,0.000606061,0,,5.10621e-05,0,
round7_error_profiles_quick,supplement_sanity,06_analysis/paper_tables/round7_error_profiles_quick/aggregate_metrics.csv,1,improved_rl_no_isac,100,10.0,density,gauss_markov,singlehop,1.05,1.0,0.01,0.05,0.5,5.0,0.000606061,0,,0.901552,0,,0,0,,0,0,,599.735,0,,0.000606061,0,,5.10621e-05,0,
round7_error_profiles_quick,supplement_sanity,06_analysis/paper_tables/round7_error_profiles_quick/aggregate_metrics.csv,1,improved_rl_no_isac,100,10.0,density,gauss_markov,singlehop,1.05,1.0,0.05,0.15,1.0,5.0,0.000606061,0,,0.901552,0,,0,0,,0,0,,599.735,0,,0.000606061,0,,5.10621e-05,0,
round7_error_profiles_quick,supplement_sanity,06_analysis/paper_tables/round7_error_profiles_quick/aggregate_metrics.csv,1,improved_rl_no_isac,100,10.0,density,gauss_markov,singlehop,1.05,1.0,0.1,0.3,1.5,5.0,0.000606061,0,,0.901552,0,,0,0,,0,0,,599.735,0,,0.000606061,0,,5.10621e-05,0,
round7_error_profiles_light,supplement,06_analysis/paper_tables/round7_error_profiles_light/aggregate_metrics.csv,3,ablation_isac_one_slot_delay,100,10.0,density,gauss_markov,singlehop,1.05,1.0,0.0,0.0,0.0,5.0,0.319192,0.00698067,0.00789937,0.536999,0.00431855,0.00488689,10.5512,2.03473,2.30252,733,47.3357,53.5654,495.935,3.61585,4.09172,0.277994,0.00397457,0.00449765,0.0273576,0.000601586,0.000680758
round7_error_profiles_light,supplement,06_analysis/paper_tables/round7_error_profiles_light/aggregate_metrics.csv,3,ablation_isac_one_slot_delay,100,10.0,density,gauss_markov,singlehop,1.05,1.0,0.01,0.05,0.5,5.0,0.299057,0.0158748,0.0179641,0.582563,0.00427054,0.00483257,9.29988,1.77645,2.01024,478,60.866,68.8763,504.917,6.60095,7.46967,0.2726,0.0115141,0.0130294,0.0256247,0.00137501,0.00155597
round7_error_profiles_light,supplement,06_analysis/paper_tables/round7_error_profiles_light/aggregate_metrics.csv,3,ablation_isac_one_slot_delay,100,10.0,density,gauss_markov,singlehop,1.05,1.0,0.05,0.15,1.0,5.0,0.245455,0.010301,0.0116567,0.639086,0.00532532,0.00602617,7.93692,1.64461,1.86105,245.667,3.85861,4.36643,524.945,3.46877,3.92528,0.233853,0.00990525,0.0112088,0.0210333,0.000878105,0.000993669
round7_error_profiles_light,supplement,06_analysis/paper_tables/round7_error_profiles_light/aggregate_metrics.csv,3,ablation_isac_one_slot_delay,100,10.0,density,gauss_markov,singlehop,1.05,1.0,0.1,0.3,1.5,5.0,0.242155,0.0126014,0.0142598,0.657715,0.00845314,0.00956562,8.75803,0.33008,0.37352,174,21.2289,24.0228,524.808,5.2042,5.88911,0.233886,0.0112485,0.0127289,0.0207309,0.00107895,0.00122095
round7_error_profiles_light,supplement,06_analysis/paper_tables/round7_error_profiles_light/aggregate_metrics.csv,3,improved_rl_isac,100,10.0,density,gauss_markov,singlehop,1.05,1.0,0.0,0.0,0.0,5.0,0.369966,0.0191897,0.0217152,0.542699,0.00490943,0.00555555,12.7548,1.52088,1.72104,1127,40.9227,46.3084,477.909,6.67636,7.55501,0.30127,0.0137123,0.015517,0.0317299,0.0016448,0.00186127
round7_error_profiles_light,supplement,06_analysis/paper_tables/round7_error_profiles_light/aggregate_metrics.csv,3,improved_rl_isac,100,10.0,density,gauss_markov,singlehop,1.05,1.0,0.01,0.05,0.5,5.0,0.353401,0.00963269,0.0109004,0.587178,0.00566984,0.00641603,12.2588,0.371916,0.420862,716.333,64.9838,73.536,483.346,4.41142,4.992,0.308675,0.0053537,0.00605828,0.0302882,0.000820944,0.000928986
round7_error_profiles_light,supplement,06_analysis/paper_tables/round7_error_profiles_light/aggregate_metrics.csv,3,improved_rl_isac,100,10.0,density,gauss_markov,singlehop,1.05,1.0,0.05,0.15,1.0,5.0,0.288687,0.00642877,0.00727484,0.640038,0.00547331,0.00619363,11.4877,2.63048,2.97667,397.667,28.2882,32.0111,510.026,1.14264,1.29302,0.267198,0.00471615,0.00533683,0.0247138,0.000526498,0.000595789
round7_error_profiles_light,supplement,06_analysis/paper_tables/round7_error_profiles_light/aggregate_metrics.csv,3,improved_rl_isac,100,10.0,density,gauss_markov,singlehop,1.05,1.0,0.1,0.3,1.5,5.0,0.290707,0.00629405,0.00712238,0.655916,0.00225689,0.00255391,11.1733,2.4831,2.80989,340.333,33.8264,38.2781,509.227,3.25734,3.68603,0.271989,0.00478063,0.00540979,0.0248869,0.000551668,0.000624271
round7_error_profiles_light,supplement,06_analysis/paper_tables/round7_error_profiles_light/aggregate_metrics.csv,3,improved_rl_no_isac,100,10.0,density,gauss_markov,singlehop,1.05,1.0,0.0,0.0,0.0,5.0,0.000606061,0.000164949,0.000186657,0.901254,0.000333601,0.000377505,0,0,0,0,0,0,599.786,0.0875595,0.0990829,0.000606061,0.000164949,0.000186657,5.10573e-05,1.39023e-05,1.57319e-05
round7_error_profiles_light,supplement,06_analysis/paper_tables/round7_error_profiles_light/aggregate_metrics.csv,3,improved_rl_no_isac,100,10.0,density,gauss_markov,singlehop,1.05,1.0,0.01,0.05,0.5,5.0,0.000606061,0.000164949,0.000186657,0.901254,0.000333601,0.000377505,0,0,0,0,0,0,599.786,0.0875595,0.0990829,0.000606061,0.000164949,0.000186657,5.10573e-05,1.39023e-05,1.57319e-05
round7_error_profiles_light,supplement,06_analysis/paper_tables/round7_error_profiles_light/aggregate_metrics.csv,3,improved_rl_no_isac,100,10.0,density,gauss_markov,singlehop,1.05,1.0,0.05,0.15,1.0,5.0,0.000606061,0.000164949,0.000186657,0.901254,0.000333601,0.000377505,0,0,0,0,0,0,599.786,0.0875595,0.0990829,0.000606061,0.000164949,0.000186657,5.10573e-05,1.39023e-05,1.57319e-05
round7_error_profiles_light,supplement,06_analysis/paper_tables/round7_error_profiles_light/aggregate_metrics.csv,3,improved_rl_no_isac,100,10.0,density,gauss_markov,singlehop,1.05,1.0,0.1,0.3,1.5,5.0,0.000606061,0.000164949,0.000186657,0.901254,0.000333601,0.000377505,0,0,0,0,0,0,599.786,0.0875595,0.0990829,0.000606061,0.000164949,0.000186657,5.10573e-05,1.39023e-05,1.57319e-05
round8_mobility_missing_baselines,supplement,06_analysis/paper_tables/round8_n100_multimobility_missing_baselines_600slot/aggregate_metrics.csv,3,rl_no_isac,100,10.0,density,gauss_markov,singlehop,1.05,1.0,0.0,0.0,0.0,5.0,0.000606061,0.000329898,0.000373314,0.901178,0.000993223,0.00112394,0,0,0,0,0,0,599.779,0.0910673,0.103052,0.000606061,0.000329898,0.000373314,5.56146e-05,3.03146e-05,3.43042e-05
round8_mobility_missing_baselines,supplement,06_analysis/paper_tables/round8_n100_multimobility_missing_baselines_600slot/aggregate_metrics.csv,3,rl_no_isac,100,15.0,density,gauss_markov,singlehop,1.05,1.0,0.0,0.0,0.0,5.0,0.00356902,0.000343368,0.000388558,0.834251,0.00196928,0.00222845,-6.83565e-16,1.32357e-16,1.49776e-16,0,0,0,598.867,0.0927095,0.104911,0.00356902,0.000343368,0.000388558,0.000327256,3.16395e-05,3.58035e-05
round8_mobility_missing_baselines,supplement,06_analysis/paper_tables/round8_n100_multimobility_missing_baselines_600slot/aggregate_metrics.csv,3,rl_no_isac,100,10.0,density,random_direction,singlehop,1.05,1.0,0.0,0.0,0.0,5.0,0.00020202,0,0,0.901559,0.0016836,0.00190517,0,0,0,0,0,0,599.96,0.0325783,0.0368658,0.00020202,0,0,1.85233e-05,3.07416e-08,3.47874e-08
round8_mobility_missing_baselines,supplement,06_analysis/paper_tables/round8_n100_multimobility_missing_baselines_600slot/aggregate_metrics.csv,3,rl_no_isac,100,15.0,density,random_direction,singlehop,1.05,1.0,0.0,0.0,0.0,5.0,0.00296296,0.000503927,0.000570247,0.834172,0.00156133,0.00176681,-1.84125e-16,2.60392e-16,2.94661e-16,0,0,0,599.09,0.127593,0.144386,0.00296296,0.000503927,0.000570247,0.000271603,4.57439e-05,5.17641e-05
round8_mobility_missing_baselines,supplement,06_analysis/paper_tables/round8_n100_multimobility_missing_baselines_600slot/aggregate_metrics.csv,3,rl_no_isac,100,10.0,density,random_walk,singlehop,1.05,1.0,0.0,0.0,0.0,5.0,0.00026936,9.52332e-05,0.000107767,0.900983,0.00110338,0.00124859,0,0,0,0,0,0,599.916,0.0602351,0.0681624,0.00026936,9.52332e-05,0.000107767,2.47042e-05,8.75514e-06,9.90737e-06
round8_mobility_missing_baselines,supplement,06_analysis/paper_tables/round8_n100_multimobility_missing_baselines_600slot/aggregate_metrics.csv,3,rl_no_isac,100,15.0,density,random_walk,singlehop,1.05,1.0,0.0,0.0,0.0,5.0,0.0023569,0.000908467,0.00102803,0.83414,0.00209483,0.00237052,-2.19714e-16,3.10722e-16,3.51615e-16,0,0,0,599.188,0.386667,0.437555,0.0023569,0.000908467,0.00102803,0.000215967,8.2844e-05,9.37468e-05
round8_mobility_missing_baselines,supplement,06_analysis/paper_tables/round8_n100_multimobility_missing_baselines_600slot/aggregate_metrics.csv,3,rl_no_isac,100,10.0,density,random_waypoint,singlehop,1.05,1.0,0.0,0.0,0.0,5.0,0.000673401,0.000503927,0.000570247,0.903199,0.000603934,0.000683415,0,0,0,0,0,0,599.734,0.213845,0.241988,0.000673401,0.000503927,0.000570247,6.18179e-05,4.62629e-05,5.23514e-05
round8_mobility_missing_baselines,supplement,06_analysis/paper_tables/round8_n100_multimobility_missing_baselines_600slot/aggregate_metrics.csv,3,rl_no_isac,100,15.0,density,random_waypoint,singlehop,1.05,1.0,0.0,0.0,0.0,5.0,0.00276094,0.000830224,0.000939487,0.839535,0.00249524,0.00282363,-3.70074e-17,5.23364e-17,5.92242e-17,0,0,0,599.132,0.315084,0.356551,0.00276094,0.000830224,0.000939487,0.000253173,7.62834e-05,8.63227e-05
round8_mobility_missing_baselines,supplement,06_analysis/paper_tables/round8_n100_multimobility_missing_baselines_600slot/aggregate_metrics.csv,3,skyorbs_like_skip_scan,100,10.0,density,gauss_markov,singlehop,1.05,1.0,0.0,0.0,0.0,5.0,0.000673401,0.000476166,0.000538833,0.901967,0.000593171,0.000671236,0,0,0,0,0,0,599.791,0.151875,0.171863,0.000673401,0.000476166,0.000538833,5.55556e-05,3.92837e-05,4.44537e-05
round8_mobility_missing_baselines,supplement,06_analysis/paper_tables/round8_n100_multimobility_missing_baselines_600slot/aggregate_metrics.csv,3,skyorbs_like_skip_scan,100,15.0,density,gauss_markov,singlehop,1.05,1.0,0.0,0.0,0.0,5.0,0.00289562,0.000579281,0.000655518,0.832828,0.000687229,0.000777673,-1.85598e-16,2.15546e-16,2.43913e-16,0,0,0,598.976,0.266581,0.301665,0.00289562,0.000579281,0.000655518,0.000238889,4.77907e-05,5.40803e-05
round8_mobility_missing_baselines,supplement,06_analysis/paper_tables/round8_n100_multimobility_missing_baselines_600slot/aggregate_metrics.csv,3,skyorbs_like_skip_scan,100,10.0,density,random_direction,singlehop,1.05,1.0,0.0,0.0,0.0,5.0,0.00040404,0.000164949,0.000186657,0.900633,0.00105022,0.00118844,0,0,0,0,0,0,599.851,0.0958614,0.108477,0.00040404,0.000164949,0.000186657,3.33333e-05,1.36083e-05,1.53992e-05
round8_mobility_missing_baselines,supplement,06_analysis/paper_tables/round8_n100_multimobility_missing_baselines_600slot/aggregate_metrics.csv,3,skyorbs_like_skip_scan,100,15.0,density,random_direction,singlehop,1.05,1.0,0.0,0.0,0.0,5.0,0.00249158,0.000503927,0.000570247,0.833339,0.00327364,0.00370447,-1.58857e-16,2.24657e-16,2.54223e-16,0,0,0,599.203,0.30195,0.341688,0.00249158,0.000503927,0.000570247,0.000205556,4.1574e-05,4.70454e-05
round8_mobility_missing_baselines,supplement,06_analysis/paper_tables/round8_n100_multimobility_missing_baselines_600slot/aggregate_metrics.csv,3,skyorbs_like_skip_scan,100,10.0,density,random_walk,singlehop,1.05,1.0,0.0,0.0,0.0,5.0,0.000673401,0.000503927,0.000570247,0.901439,0.00132709,0.00150175,0,0,0,0,0,0,599.821,0.127273,0.144023,0.000673401,0.000503927,0.000570247,5.55556e-05,4.1574e-05,4.70454e-05
round8_mobility_missing_baselines,supplement,06_analysis/paper_tables/round8_n100_multimobility_missing_baselines_600slot/aggregate_metrics.csv,3,skyorbs_like_skip_scan,100,15.0,density,random_walk,singlehop,1.05,1.0,0.0,0.0,0.0,5.0,0.0037037,0.00173262,0.00196064,0.832428,0.00208719,0.00236188,-3.36644e-16,3.94543e-16,4.46468e-16,0,0,0,598.867,0.726725,0.822367,0.0037037,0.00173262,0.00196064,0.000305556,0.000142941,0.000161753
round8_mobility_missing_baselines,supplement,06_analysis/paper_tables/round8_n100_multimobility_missing_baselines_600slot/aggregate_metrics.csv,3,skyorbs_like_skip_scan,100,10.0,density,random_waypoint,singlehop,1.05,1.0,0.0,0.0,0.0,5.0,6.73401e-05,9.52332e-05,0.000107767,0.903733,0.000222777,0.000252096,0,0,0,0,0,0,599.97,0.0430454,0.0487105,6.73401e-05,9.52332e-05,0.000107767,5.55556e-06,7.85674e-06,8.89074e-06
round8_mobility_missing_baselines,supplement,06_analysis/paper_tables/round8_n100_multimobility_missing_baselines_600slot/aggregate_metrics.csv,3,skyorbs_like_skip_scan,100,15.0,density,random_waypoint,singlehop,1.05,1.0,0.0,0.0,0.0,5.0,0.00040404,0,0,0.838383,0.00566845,0.00641445,0,0,0,0,0,0,599.782,0.0238488,0.0269875,0.00040404,0,0,3.33333e-05,0,0
