block,source,treatment,control,metric,n_pairs,treatment_mean,control_mean,delta_mean,delta_std,bootstrap_ci95_low,bootstrap_ci95_high,n_positive,n_negative,n_zero,filters_json,pair_cols,note
main_n100_b10_vs_enhanced_no_isac,06_analysis/paper_tables/round3_robustness/n100_density_multiseed/per_episode_summary.csv,improved_rl_isac,improved_rl_no_isac,discovery_rate,3,0.3654545454545454,0.0006734006734006666,0.3647811447811448,0.004652316619371286,0.36080808080808086,0.3698989898989899,3,0,0,"{""area_scale"": ""density"", ""beamwidth_deg"": 10.0, ""mobility_model"": ""gauss_markov"", ""node_count"": 100}","scenario_seed,node_count,beamwidth_deg,area_scale,mobility_model",Main N=100/B=10 density-scaled comparison against enhanced communication-only policy.
main_n100_b10_vs_enhanced_no_isac,06_analysis/paper_tables/round3_robustness/n100_density_multiseed/per_episode_summary.csv,improved_rl_isac,improved_rl_no_isac,empty_scan_ratio,3,0.49857967323108227,0.9010891348579242,-0.4025094616268419,0.008278419249053377,-0.41111797758883556,-0.39460627117048896,0,3,0,"{""area_scale"": ""density"", ""beamwidth_deg"": 10.0, ""mobility_model"": ""gauss_markov"", ""node_count"": 100}","scenario_seed,node_count,beamwidth_deg,area_scale,mobility_model",Main N=100/B=10 density-scaled comparison against enhanced communication-only policy.
main_n100_b10_vs_enhanced_no_isac,06_analysis/paper_tables/round3_robustness/n100_density_multiseed/per_episode_summary.csv,improved_rl_isac,improved_rl_no_isac,lambda2,3,12.922207974007792,0.0,12.922207974007792,2.3279520234363047,10.791232168390762,15.406698065090632,3,0,0,"{""area_scale"": ""density"", ""beamwidth_deg"": 10.0, ""mobility_model"": ""gauss_markov"", ""node_count"": 100}","scenario_seed,node_count,beamwidth_deg,area_scale,mobility_model",Main N=100/B=10 density-scaled comparison against enhanced communication-only policy.
main_n100_b10_vs_enhanced_no_isac,06_analysis/paper_tables/round3_robustness/n100_density_multiseed/per_episode_summary.csv,improved_rl_isac,improved_rl_no_isac,mean_discovery_delay,3,477.98626262626266,599.7773063973063,-121.79104377104376,4.790376646017159,-127.22363636363639,-118.17313131313131,0,3,0,"{""area_scale"": ""density"", ""beamwidth_deg"": 10.0, ""mobility_model"": ""gauss_markov"", ""node_count"": 100}","scenario_seed,node_count,beamwidth_deg,area_scale,mobility_model",Main N=100/B=10 density-scaled comparison against enhanced communication-only policy.
main_n100_b10_vs_enhanced_no_isac,06_analysis/paper_tables/round3_robustness/n100_density_multiseed/per_episode_summary.csv,improved_rl_isac,improved_rl_no_isac,collision_count,3,1050.0,0.0,1050.0,24.63736998950984,1024.0,1073.0,3,0,0,"{""area_scale"": ""density"", ""beamwidth_deg"": 10.0, ""mobility_model"": ""gauss_markov"", ""node_count"": 100}","scenario_seed,node_count,beamwidth_deg,area_scale,mobility_model",Main N=100/B=10 density-scaled comparison against enhanced communication-only policy.
main_n100_b10_vs_uniform_random,06_analysis/paper_tables/round3_robustness/n100_density_multiseed/per_episode_summary.csv,improved_rl_isac,uniform_random,discovery_rate,3,0.3654545454545454,0.0004713804713804666,0.36498316498316496,0.004455144756100501,0.36121212121212115,0.3698989898989899,3,0,0,"{""area_scale"": ""density"", ""beamwidth_deg"": 10.0, ""mobility_model"": ""gauss_markov"", ""node_count"": 100}","scenario_seed,node_count,beamwidth_deg,area_scale,mobility_model",Main N=100/B=10 density-scaled comparison against uniform random scanning.
main_n100_b10_vs_uniform_random,06_analysis/paper_tables/round3_robustness/n100_density_multiseed/per_episode_summary.csv,improved_rl_isac,uniform_random,empty_scan_ratio,3,0.49857967323108227,0.9015055492196565,-0.40292587598857416,0.00989441525171165,-0.4132175907617304,-0.39348351904487955,0,3,0,"{""area_scale"": ""density"", ""beamwidth_deg"": 10.0, ""mobility_model"": ""gauss_markov"", ""node_count"": 100}","scenario_seed,node_count,beamwidth_deg,area_scale,mobility_model",Main N=100/B=10 density-scaled comparison against uniform random scanning.
main_n100_b10_vs_uniform_random,06_analysis/paper_tables/round3_robustness/n100_density_multiseed/per_episode_summary.csv,improved_rl_isac,uniform_random,lambda2,3,12.922207974007792,0.0,12.922207974007792,2.3279520234363047,10.791232168390762,15.406698065090632,3,0,0,"{""area_scale"": ""density"", ""beamwidth_deg"": 10.0, ""mobility_model"": ""gauss_markov"", ""node_count"": 100}","scenario_seed,node_count,beamwidth_deg,area_scale,mobility_model",Main N=100/B=10 density-scaled comparison against uniform random scanning.
main_n100_b10_vs_uniform_random,06_analysis/paper_tables/round3_robustness/n100_density_multiseed/per_episode_summary.csv,improved_rl_isac,uniform_random,mean_discovery_delay,3,477.98626262626266,599.9022895622896,-121.91602693602698,4.663280354893257,-127.21070707070714,-118.419595959596,0,3,0,"{""area_scale"": ""density"", ""beamwidth_deg"": 10.0, ""mobility_model"": ""gauss_markov"", ""node_count"": 100}","scenario_seed,node_count,beamwidth_deg,area_scale,mobility_model",Main N=100/B=10 density-scaled comparison against uniform random scanning.
main_n100_b10_vs_uniform_random,06_analysis/paper_tables/round3_robustness/n100_density_multiseed/per_episode_summary.csv,improved_rl_isac,uniform_random,collision_count,3,1050.0,0.0,1050.0,24.63736998950984,1024.0,1073.0,3,0,0,"{""area_scale"": ""density"", ""beamwidth_deg"": 10.0, ""mobility_model"": ""gauss_markov"", ""node_count"": 100}","scenario_seed,node_count,beamwidth_deg,area_scale,mobility_model",Main N=100/B=10 density-scaled comparison against uniform random scanning.
main_n100_b10_vs_skyorbs_like,06_analysis/paper_tables/round3_robustness/n100_density_multiseed/per_episode_summary.csv,improved_rl_isac,skyorbs_like_skip_scan,discovery_rate,3,0.3654545454545454,0.0006734006734006666,0.3647811447811448,0.004353211140442826,0.3606060606060606,0.3692929292929293,3,0,0,"{""area_scale"": ""density"", ""beamwidth_deg"": 10.0, ""mobility_model"": ""gauss_markov"", ""node_count"": 100}","scenario_seed,node_count,beamwidth_deg,area_scale,mobility_model",Reference comparison against the deterministic 3-D skip-scan baseline under this information boundary.
main_n100_b10_vs_skyorbs_like,06_analysis/paper_tables/round3_robustness/n100_density_multiseed/per_episode_summary.csv,improved_rl_isac,skyorbs_like_skip_scan,empty_scan_ratio,3,0.49857967323108227,0.9019666666666666,-0.40338699343558443,0.007442909300776655,-0.41116397220105744,-0.3963305631094867,0,3,0,"{""area_scale"": ""density"", ""beamwidth_deg"": 10.0, ""mobility_model"": ""gauss_markov"", ""node_count"": 100}","scenario_seed,node_count,beamwidth_deg,area_scale,mobility_model",Reference comparison against the deterministic 3-D skip-scan baseline under this information boundary.
main_n100_b10_vs_skyorbs_like,06_analysis/paper_tables/round3_robustness/n100_density_multiseed/per_episode_summary.csv,improved_rl_isac,skyorbs_like_skip_scan,lambda2,3,12.922207974007792,0.0,12.922207974007792,2.3279520234363047,10.791232168390762,15.406698065090632,3,0,0,"{""area_scale"": ""density"", ""beamwidth_deg"": 10.0, ""mobility_model"": ""gauss_markov"", ""node_count"": 100}","scenario_seed,node_count,beamwidth_deg,area_scale,mobility_model",Reference comparison against the deterministic 3-D skip-scan baseline under this information boundary.
main_n100_b10_vs_skyorbs_like,06_analysis/paper_tables/round3_robustness/n100_density_multiseed/per_episode_summary.csv,improved_rl_isac,skyorbs_like_skip_scan,mean_discovery_delay,3,477.98626262626266,599.7913804713804,-121.80511784511788,4.580990422499135,-126.95696969696974,-118.19030303030308,0,3,0,"{""area_scale"": ""density"", ""beamwidth_deg"": 10.0, ""mobility_model"": ""gauss_markov"", ""node_count"": 100}","scenario_seed,node_count,beamwidth_deg,area_scale,mobility_model",Reference comparison against the deterministic 3-D skip-scan baseline under this information boundary.
main_n100_b10_vs_skyorbs_like,06_analysis/paper_tables/round3_robustness/n100_density_multiseed/per_episode_summary.csv,improved_rl_isac,skyorbs_like_skip_scan,collision_count,3,1050.0,0.0,1050.0,24.63736998950984,1024.0,1073.0,3,0,0,"{""area_scale"": ""density"", ""beamwidth_deg"": 10.0, ""mobility_model"": ""gauss_markov"", ""node_count"": 100}","scenario_seed,node_count,beamwidth_deg,area_scale,mobility_model",Reference comparison against the deterministic 3-D skip-scan baseline under this information boundary.
main_n100_b15_vs_enhanced_no_isac,06_analysis/paper_tables/round3_robustness/n100_density_multiseed/per_episode_summary.csv,improved_rl_isac,improved_rl_no_isac,discovery_rate,3,0.544040404040404,0.0037710437710437336,0.5402693602693603,0.002998713007166553,0.5369696969696971,0.5428282828282828,3,0,0,"{""area_scale"": ""density"", ""beamwidth_deg"": 15.0, ""mobility_model"": ""gauss_markov"", ""node_count"": 100}","scenario_seed,node_count,beamwidth_deg,area_scale,mobility_model",Main N=100/B=15 density-scaled comparison against enhanced communication-only policy.
main_n100_b15_vs_enhanced_no_isac,06_analysis/paper_tables/round3_robustness/n100_density_multiseed/per_episode_summary.csv,improved_rl_isac,improved_rl_no_isac,empty_scan_ratio,3,0.3292709187112828,0.8344309835492592,-0.5051600648379765,0.008146987550001485,-0.5114635597341022,-0.4959607666285916,0,3,0,"{""area_scale"": ""density"", ""beamwidth_deg"": 15.0, ""mobility_model"": ""gauss_markov"", ""node_count"": 100}","scenario_seed,node_count,beamwidth_deg,area_scale,mobility_model",Main N=100/B=15 density-scaled comparison against enhanced communication-only policy.
main_n100_b15_vs_enhanced_no_isac,06_analysis/paper_tables/round3_robustness/n100_density_multiseed/per_episode_summary.csv,improved_rl_isac,improved_rl_no_isac,lambda2,3,26.84126556281136,-5.148781885218722e-16,26.84126556281136,4.815182421040146,21.743589094051178,31.312667895675713,3,0,0,"{""area_scale"": ""density"", ""beamwidth_deg"": 15.0, ""mobility_model"": ""gauss_markov"", ""node_count"": 100}","scenario_seed,node_count,beamwidth_deg,area_scale,mobility_model",Main N=100/B=15 density-scaled comparison against enhanced communication-only policy.
main_n100_b15_vs_enhanced_no_isac,06_analysis/paper_tables/round3_robustness/n100_density_multiseed/per_episode_summary.csv,improved_rl_isac,improved_rl_no_isac,mean_discovery_delay,3,406.74484848484843,598.7413468013468,-191.99649831649833,1.0353305212191475,-193.16929292929296,-191.20929292929293,0,3,0,"{""area_scale"": ""density"", ""beamwidth_deg"": 15.0, ""mobility_model"": ""gauss_markov"", ""node_count"": 100}","scenario_seed,node_count,beamwidth_deg,area_scale,mobility_model",Main N=100/B=15 density-scaled comparison against enhanced communication-only policy.
main_n100_b15_vs_enhanced_no_isac,06_analysis/paper_tables/round3_robustness/n100_density_multiseed/per_episode_summary.csv,improved_rl_isac,improved_rl_no_isac,collision_count,3,8285.0,0.0,8285.0,424.844677499907,7804.0,8609.0,3,0,0,"{""area_scale"": ""density"", ""beamwidth_deg"": 15.0, ""mobility_model"": ""gauss_markov"", ""node_count"": 100}","scenario_seed,node_count,beamwidth_deg,area_scale,mobility_model",Main N=100/B=15 density-scaled comparison against enhanced communication-only policy.
round10_extra_n100_b10_vs_enhanced_no_isac,06_analysis/paper_tables/round10_n100_b10_b15_extra_seeds/per_episode_summary.csv,improved_rl_isac,improved_rl_no_isac,discovery_rate,3,0.17393939393939392,0.0008080808080808,0.1731313131313131,0.008148704658625749,0.1644444444444444,0.18060606060606058,3,0,0,"{""area_scale"": ""density"", ""beamwidth_deg"": 10.0, ""mobility_model"": ""gauss_markov"", ""node_count"": 100}","scenario_seed,node_count,beamwidth_deg,area_scale,mobility_model","Backup extra-seed N=100/B=10 comparison; used to check scenario-seed sensitivity, not to replace the main table."
round10_extra_n100_b10_vs_enhanced_no_isac,06_analysis/paper_tables/round10_n100_b10_b15_extra_seeds/per_episode_summary.csv,improved_rl_isac,improved_rl_no_isac,empty_scan_ratio,3,0.674131505158449,0.9031886181918028,-0.22905711303335383,0.0036528706615701896,-0.23292207395823072,-0.22566175121651877,0,3,0,"{""area_scale"": ""density"", ""beamwidth_deg"": 10.0, ""mobility_model"": ""gauss_markov"", ""node_count"": 100}","scenario_seed,node_count,beamwidth_deg,area_scale,mobility_model","Backup extra-seed N=100/B=10 comparison; used to check scenario-seed sensitivity, not to replace the main table."
round10_extra_n100_b10_vs_enhanced_no_isac,06_analysis/paper_tables/round10_n100_b10_b15_extra_seeds/per_episode_summary.csv,improved_rl_isac,improved_rl_no_isac,lambda2,3,3.7088103847592087,0.0,3.7088103847592087,1.8695599096592126,1.8981093968969,5.632137157992002,3,0,0,"{""area_scale"": ""density"", ""beamwidth_deg"": 10.0, ""mobility_model"": ""gauss_markov"", ""node_count"": 100}","scenario_seed,node_count,beamwidth_deg,area_scale,mobility_model","Backup extra-seed N=100/B=10 comparison; used to check scenario-seed sensitivity, not to replace the main table."
round10_extra_n100_b10_vs_enhanced_no_isac,06_analysis/paper_tables/round10_n100_b10_b15_extra_seeds/per_episode_summary.csv,improved_rl_isac,improved_rl_no_isac,mean_discovery_delay,3,550.1933333333333,599.7939393939394,-49.600606060606005,3.468407935461881,-52.9193939393939,-45.999797979797904,0,3,0,"{""area_scale"": ""density"", ""beamwidth_deg"": 10.0, ""mobility_model"": ""gauss_markov"", ""node_count"": 100}","scenario_seed,node_count,beamwidth_deg,area_scale,mobility_model","Backup extra-seed N=100/B=10 comparison; used to check scenario-seed sensitivity, not to replace the main table."
round10_extra_n100_b10_vs_enhanced_no_isac,06_analysis/paper_tables/round10_n100_b10_b15_extra_seeds/per_episode_summary.csv,improved_rl_isac,improved_rl_no_isac,collision_count,3,150.33333333333334,0.0,150.33333333333334,15.01110699893027,135.0,165.0,3,0,0,"{""area_scale"": ""density"", ""beamwidth_deg"": 10.0, ""mobility_model"": ""gauss_markov"", ""node_count"": 100}","scenario_seed,node_count,beamwidth_deg,area_scale,mobility_model","Backup extra-seed N=100/B=10 comparison; used to check scenario-seed sensitivity, not to replace the main table."
round10_extra_n100_b15_vs_enhanced_no_isac,06_analysis/paper_tables/round10_n100_b10_b15_extra_seeds/per_episode_summary.csv,improved_rl_isac,improved_rl_no_isac,discovery_rate,3,0.4181144781144781,0.004511784511784467,0.4136026936026937,0.01708753379442828,0.39393939393939403,0.4248484848484848,3,0,0,"{""area_scale"": ""density"", ""beamwidth_deg"": 15.0, ""mobility_model"": ""gauss_markov"", ""node_count"": 100}","scenario_seed,node_count,beamwidth_deg,area_scale,mobility_model","Backup extra-seed N=100/B=15 comparison; used to check scenario-seed sensitivity, not to replace the main table."
round10_extra_n100_b15_vs_enhanced_no_isac,06_analysis/paper_tables/round10_n100_b10_b15_extra_seeds/per_episode_summary.csv,improved_rl_isac,improved_rl_no_isac,empty_scan_ratio,3,0.5176799653017802,0.8375595972564338,-0.3198796319546536,0.0047314514029983615,-0.32441524029994395,-0.31497405882272966,0,3,0,"{""area_scale"": ""density"", ""beamwidth_deg"": 15.0, ""mobility_model"": ""gauss_markov"", ""node_count"": 100}","scenario_seed,node_count,beamwidth_deg,area_scale,mobility_model","Backup extra-seed N=100/B=15 comparison; used to check scenario-seed sensitivity, not to replace the main table."
round10_extra_n100_b15_vs_enhanced_no_isac,06_analysis/paper_tables/round10_n100_b10_b15_extra_seeds/per_episode_summary.csv,improved_rl_isac,improved_rl_no_isac,lambda2,3,21.995707133018346,-3.20635297921184e-16,21.995707133018346,3.984707674162242,17.436409656352723,24.811546264756632,3,0,0,"{""area_scale"": ""density"", ""beamwidth_deg"": 15.0, ""mobility_model"": ""gauss_markov"", ""node_count"": 100}","scenario_seed,node_count,beamwidth_deg,area_scale,mobility_model","Backup extra-seed N=100/B=15 comparison; used to check scenario-seed sensitivity, not to replace the main table."
round10_extra_n100_b15_vs_enhanced_no_isac,06_analysis/paper_tables/round10_n100_b10_b15_extra_seeds/per_episode_summary.csv,improved_rl_isac,improved_rl_no_isac,mean_discovery_delay,3,462.8337373737374,598.6448484848485,-135.81111111111113,4.113273860918195,-139.09414141414146,-131.19717171717173,0,3,0,"{""area_scale"": ""density"", ""beamwidth_deg"": 15.0, ""mobility_model"": ""gauss_markov"", ""node_count"": 100}","scenario_seed,node_count,beamwidth_deg,area_scale,mobility_model","Backup extra-seed N=100/B=15 comparison; used to check scenario-seed sensitivity, not to replace the main table."
round10_extra_n100_b15_vs_enhanced_no_isac,06_analysis/paper_tables/round10_n100_b10_b15_extra_seeds/per_episode_summary.csv,improved_rl_isac,improved_rl_no_isac,collision_count,3,2096.6666666666665,0.0,2096.6666666666665,114.0014619789296,1977.0,2204.0,3,0,0,"{""area_scale"": ""density"", ""beamwidth_deg"": 15.0, ""mobility_model"": ""gauss_markov"", ""node_count"": 100}","scenario_seed,node_count,beamwidth_deg,area_scale,mobility_model","Backup extra-seed N=100/B=15 comparison; used to check scenario-seed sensitivity, not to replace the main table."
ablation_b10_candidate_set,06_analysis/paper_tables/round4_delay_ablation/per_episode_summary.csv,improved_rl_isac,ablation_isac_no_candidate_set,discovery_rate,3,0.3654545454545454,0.031313131313131265,0.33414141414141413,0.00651182281264093,0.3296969696969697,0.3416161616161617,3,0,0,"{""area_scale"": ""density"", ""beamwidth_deg"": 10.0, ""mobility_model"": ""gauss_markov"", ""node_count"": 100}","scenario_seed,node_count,beamwidth_deg,area_scale,mobility_model",Mechanism check: full ISAC-assisted protocol minus candidate-set removal.
ablation_b10_candidate_set,06_analysis/paper_tables/round4_delay_ablation/per_episode_summary.csv,improved_rl_isac,ablation_isac_no_candidate_set,collision_penalized_discovery_rate,3,0.3014976186229031,0.03129210154383156,0.27020551707907153,0.004863110701934962,0.2663165526286204,0.2756581059626842,3,0,0,"{""area_scale"": ""density"", ""beamwidth_deg"": 10.0, ""mobility_model"": ""gauss_markov"", ""node_count"": 100}","scenario_seed,node_count,beamwidth_deg,area_scale,mobility_model",Mechanism check: full ISAC-assisted protocol minus candidate-set removal.
ablation_b10_candidate_set,06_analysis/paper_tables/round4_delay_ablation/per_episode_summary.csv,improved_rl_isac,ablation_isac_no_candidate_set,empty_scan_ratio,3,0.49857967323108227,0.4984931877887974,8.64854422848449e-05,0.004094398777242304,-0.0038197559026945105,0.004346131697369193,1,2,0,"{""area_scale"": ""density"", ""beamwidth_deg"": 10.0, ""mobility_model"": ""gauss_markov"", ""node_count"": 100}","scenario_seed,node_count,beamwidth_deg,area_scale,mobility_model",Mechanism check: full ISAC-assisted protocol minus candidate-set removal.
ablation_b10_candidate_set,06_analysis/paper_tables/round4_delay_ablation/per_episode_summary.csv,improved_rl_isac,ablation_isac_no_candidate_set,lambda2,3,12.922207974007792,-9.242429476708334e-16,12.922207974007792,2.3279520234363056,10.791232168390762,15.406698065090632,3,0,0,"{""area_scale"": ""density"", ""beamwidth_deg"": 10.0, ""mobility_model"": ""gauss_markov"", ""node_count"": 100}","scenario_seed,node_count,beamwidth_deg,area_scale,mobility_model",Mechanism check: full ISAC-assisted protocol minus candidate-set removal.
ablation_b10_candidate_set,06_analysis/paper_tables/round4_delay_ablation/per_episode_summary.csv,improved_rl_isac,ablation_isac_no_candidate_set,collision_count,3,1050.0,3.3333333333333335,1046.6666666666667,23.544284515213736,1024.0,1071.0,3,0,0,"{""area_scale"": ""density"", ""beamwidth_deg"": 10.0, ""mobility_model"": ""gauss_markov"", ""node_count"": 100}","scenario_seed,node_count,beamwidth_deg,area_scale,mobility_model",Mechanism check: full ISAC-assisted protocol minus candidate-set removal.
ablation_b10_one_slot_boundary,06_analysis/paper_tables/round4_delay_ablation/per_episode_summary.csv,improved_rl_isac,ablation_isac_one_slot_delay,discovery_rate,3,0.3654545454545454,0.29892255892255887,0.06653198653198655,0.008633458861334148,0.0565656565656566,0.07171717171717173,3,0,0,"{""area_scale"": ""density"", ""beamwidth_deg"": 10.0, ""mobility_model"": ""gauss_markov"", ""node_count"": 100}","scenario_seed,node_count,beamwidth_deg,area_scale,mobility_model",Implementation-boundary check: low-latency candidate use minus one-slot delayed use.
ablation_b10_one_slot_boundary,06_analysis/paper_tables/round4_delay_ablation/per_episode_summary.csv,improved_rl_isac,ablation_isac_one_slot_delay,collision_penalized_discovery_rate,3,0.3014976186229031,0.2620057186381931,0.03949189998471,0.007885043593018897,0.030387366450596975,0.04411135535546512,3,0,0,"{""area_scale"": ""density"", ""beamwidth_deg"": 10.0, ""mobility_model"": ""gauss_markov"", ""node_count"": 100}","scenario_seed,node_count,beamwidth_deg,area_scale,mobility_model",Implementation-boundary check: low-latency candidate use minus one-slot delayed use.
ablation_b10_one_slot_boundary,06_analysis/paper_tables/round4_delay_ablation/per_episode_summary.csv,improved_rl_isac,ablation_isac_one_slot_delay,empty_scan_ratio,3,0.49857967323108227,0.4946940928579415,0.00388558037314074,0.0005147727105485167,0.00344677210230232,0.004452225663390874,3,0,0,"{""area_scale"": ""density"", ""beamwidth_deg"": 10.0, ""mobility_model"": ""gauss_markov"", ""node_count"": 100}","scenario_seed,node_count,beamwidth_deg,area_scale,mobility_model",Implementation-boundary check: low-latency candidate use minus one-slot delayed use.
ablation_b10_one_slot_boundary,06_analysis/paper_tables/round4_delay_ablation/per_episode_summary.csv,improved_rl_isac,ablation_isac_one_slot_delay,lambda2,3,12.922207974007792,8.470867948046296,4.451340025961496,2.67535075717392,1.5241060658546637,6.769929333642549,3,0,0,"{""area_scale"": ""density"", ""beamwidth_deg"": 10.0, ""mobility_model"": ""gauss_markov"", ""node_count"": 100}","scenario_seed,node_count,beamwidth_deg,area_scale,mobility_model",Implementation-boundary check: low-latency candidate use minus one-slot delayed use.
ablation_b10_one_slot_boundary,06_analysis/paper_tables/round4_delay_ablation/per_episode_summary.csv,improved_rl_isac,ablation_isac_one_slot_delay,collision_count,3,1050.0,697.0,353.0,5.5677643628300215,347.0,358.0,3,0,0,"{""area_scale"": ""density"", ""beamwidth_deg"": 10.0, ""mobility_model"": ""gauss_markov"", ""node_count"": 100}","scenario_seed,node_count,beamwidth_deg,area_scale,mobility_model",Implementation-boundary check: low-latency candidate use minus one-slot delayed use.
ablation_b10_delay_vs_no_isac,06_analysis/paper_tables/round4_delay_ablation/per_episode_summary.csv,ablation_isac_one_slot_delay,improved_rl_no_isac,discovery_rate,3,0.29892255892255887,0.0006734006734006666,0.2982491582491582,0.013162873236762955,0.28909090909090907,0.3133333333333333,3,0,0,"{""area_scale"": ""density"", ""beamwidth_deg"": 10.0, ""mobility_model"": ""gauss_markov"", ""node_count"": 100}","scenario_seed,node_count,beamwidth_deg,area_scale,mobility_model",Implementation-boundary check: one-slot delayed ISAC remains above enhanced no-ISAC.
ablation_b10_delay_vs_no_isac,06_analysis/paper_tables/round4_delay_ablation/per_episode_summary.csv,ablation_isac_one_slot_delay,improved_rl_no_isac,collision_penalized_discovery_rate,3,0.2620057186381931,0.0006734006734006666,0.26133231796479245,0.01073077878542444,0.2533991822565782,0.2735419818221017,3,0,0,"{""area_scale"": ""density"", ""beamwidth_deg"": 10.0, ""mobility_model"": ""gauss_markov"", ""node_count"": 100}","scenario_seed,node_count,beamwidth_deg,area_scale,mobility_model",Implementation-boundary check: one-slot delayed ISAC remains above enhanced no-ISAC.
ablation_b10_delay_vs_no_isac,06_analysis/paper_tables/round4_delay_ablation/per_episode_summary.csv,ablation_isac_one_slot_delay,improved_rl_no_isac,empty_scan_ratio,3,0.4946940928579415,0.9010891348579242,-0.40639504199998266,0.007970440778272537,-0.4148757209425646,-0.3990584968338798,0,3,0,"{""area_scale"": ""density"", ""beamwidth_deg"": 10.0, ""mobility_model"": ""gauss_markov"", ""node_count"": 100}","scenario_seed,node_count,beamwidth_deg,area_scale,mobility_model",Implementation-boundary check: one-slot delayed ISAC remains above enhanced no-ISAC.
ablation_b10_delay_vs_no_isac,06_analysis/paper_tables/round4_delay_ablation/per_episode_summary.csv,ablation_isac_one_slot_delay,improved_rl_no_isac,lambda2,3,8.470867948046296,0.0,8.470867948046296,2.3762323929732108,5.798764354899433,10.346713386703357,3,0,0,"{""area_scale"": ""density"", ""beamwidth_deg"": 10.0, ""mobility_model"": ""gauss_markov"", ""node_count"": 100}","scenario_seed,node_count,beamwidth_deg,area_scale,mobility_model",Implementation-boundary check: one-slot delayed ISAC remains above enhanced no-ISAC.
ablation_b10_delay_vs_no_isac,06_analysis/paper_tables/round4_delay_ablation/per_episode_summary.csv,ablation_isac_one_slot_delay,improved_rl_no_isac,collision_count,3,697.0,0.0,697.0,21.071307505705477,677.0,719.0,3,0,0,"{""area_scale"": ""density"", ""beamwidth_deg"": 10.0, ""mobility_model"": ""gauss_markov"", ""node_count"": 100}","scenario_seed,node_count,beamwidth_deg,area_scale,mobility_model",Implementation-boundary check: one-slot delayed ISAC remains above enhanced no-ISAC.
mobility_b10_gauss_markov_vs_no_isac,06_analysis/paper_tables/round5_mobility_transfer/per_episode_summary.csv,improved_rl_isac,improved_rl_no_isac,discovery_rate,3,0.3654545454545454,0.0006734006734006666,0.3647811447811448,0.004652316619371286,0.36080808080808086,0.3698989898989899,3,0,0,"{""area_scale"": ""density"", ""beamwidth_deg"": 10.0, ""mobility_model"": ""gauss_markov"", ""node_count"": 100}","scenario_seed,node_count,beamwidth_deg,area_scale,mobility_model",Mobility-boundary paired comparison against enhanced no-ISAC.
mobility_b10_gauss_markov_vs_no_isac,06_analysis/paper_tables/round5_mobility_transfer/per_episode_summary.csv,improved_rl_isac,improved_rl_no_isac,collision_penalized_discovery_rate,3,0.3014976186229031,0.0006734006734006666,0.3008242179495024,0.0032900253977765177,0.2973761604046461,0.3039293482726987,3,0,0,"{""area_scale"": ""density"", ""beamwidth_deg"": 10.0, ""mobility_model"": ""gauss_markov"", ""node_count"": 100}","scenario_seed,node_count,beamwidth_deg,area_scale,mobility_model",Mobility-boundary paired comparison against enhanced no-ISAC.
mobility_b10_gauss_markov_vs_no_isac,06_analysis/paper_tables/round5_mobility_transfer/per_episode_summary.csv,improved_rl_isac,improved_rl_no_isac,empty_scan_ratio,3,0.49857967323108227,0.9010891348579242,-0.4025094616268419,0.008278419249053377,-0.41111797758883556,-0.39460627117048896,0,3,0,"{""area_scale"": ""density"", ""beamwidth_deg"": 10.0, ""mobility_model"": ""gauss_markov"", ""node_count"": 100}","scenario_seed,node_count,beamwidth_deg,area_scale,mobility_model",Mobility-boundary paired comparison against enhanced no-ISAC.
mobility_b10_gauss_markov_vs_no_isac,06_analysis/paper_tables/round5_mobility_transfer/per_episode_summary.csv,improved_rl_isac,improved_rl_no_isac,lambda2,3,12.922207974007792,0.0,12.922207974007792,2.3279520234363047,10.791232168390762,15.406698065090632,3,0,0,"{""area_scale"": ""density"", ""beamwidth_deg"": 10.0, ""mobility_model"": ""gauss_markov"", ""node_count"": 100}","scenario_seed,node_count,beamwidth_deg,area_scale,mobility_model",Mobility-boundary paired comparison against enhanced no-ISAC.
mobility_b10_gauss_markov_vs_no_isac,06_analysis/paper_tables/round5_mobility_transfer/per_episode_summary.csv,improved_rl_isac,improved_rl_no_isac,collision_count,3,1050.0,0.0,1050.0,24.63736998950984,1024.0,1073.0,3,0,0,"{""area_scale"": ""density"", ""beamwidth_deg"": 10.0, ""mobility_model"": ""gauss_markov"", ""node_count"": 100}","scenario_seed,node_count,beamwidth_deg,area_scale,mobility_model",Mobility-boundary paired comparison against enhanced no-ISAC.
mobility_b10_random_walk_vs_no_isac,06_analysis/paper_tables/round5_mobility_transfer/per_episode_summary.csv,improved_rl_isac,improved_rl_no_isac,discovery_rate,3,0.2024242424242424,0.0003367003367003333,0.20208754208754207,0.010728648608398287,0.1898989898989899,0.2101010101010101,3,0,0,"{""area_scale"": ""density"", ""beamwidth_deg"": 10.0, ""mobility_model"": ""random_walk"", ""node_count"": 100}","scenario_seed,node_count,beamwidth_deg,area_scale,mobility_model",Mobility-boundary paired comparison against enhanced no-ISAC.
mobility_b10_random_walk_vs_no_isac,06_analysis/paper_tables/round5_mobility_transfer/per_episode_summary.csv,improved_rl_isac,improved_rl_no_isac,collision_penalized_discovery_rate,3,0.19722627749330446,0.0003367003367003333,0.19688957715660416,0.009488637937882176,0.18623760890057697,0.2044372563853594,3,0,0,"{""area_scale"": ""density"", ""beamwidth_deg"": 10.0, ""mobility_model"": ""random_walk"", ""node_count"": 100}","scenario_seed,node_count,beamwidth_deg,area_scale,mobility_model",Mobility-boundary paired comparison against enhanced no-ISAC.
mobility_b10_random_walk_vs_no_isac,06_analysis/paper_tables/round5_mobility_transfer/per_episode_summary.csv,improved_rl_isac,improved_rl_no_isac,empty_scan_ratio,3,0.7631174645759109,0.9023556854733368,-0.13923822089742585,0.009622710570182384,-0.14662093377467067,-0.12835532626126722,0,3,0,"{""area_scale"": ""density"", ""beamwidth_deg"": 10.0, ""mobility_model"": ""random_walk"", ""node_count"": 100}","scenario_seed,node_count,beamwidth_deg,area_scale,mobility_model",Mobility-boundary paired comparison against enhanced no-ISAC.
mobility_b10_random_walk_vs_no_isac,06_analysis/paper_tables/round5_mobility_transfer/per_episode_summary.csv,improved_rl_isac,improved_rl_no_isac,lambda2,3,5.953557774098862,0.0,5.953557774098862,0.6080253065168884,5.579112296390391,6.655112809754215,3,0,0,"{""area_scale"": ""density"", ""beamwidth_deg"": 10.0, ""mobility_model"": ""random_walk"", ""node_count"": 100}","scenario_seed,node_count,beamwidth_deg,area_scale,mobility_model",Mobility-boundary paired comparison against enhanced no-ISAC.
mobility_b10_random_walk_vs_no_isac,06_analysis/paper_tables/round5_mobility_transfer/per_episode_summary.csv,improved_rl_isac,improved_rl_no_isac,collision_count,3,129.66666666666666,0.0,129.66666666666666,29.687258770949757,97.0,155.0,3,0,0,"{""area_scale"": ""density"", ""beamwidth_deg"": 10.0, ""mobility_model"": ""random_walk"", ""node_count"": 100}","scenario_seed,node_count,beamwidth_deg,area_scale,mobility_model",Mobility-boundary paired comparison against enhanced no-ISAC.
mobility_b10_random_direction_vs_no_isac,06_analysis/paper_tables/round5_mobility_transfer/per_episode_summary.csv,improved_rl_isac,improved_rl_no_isac,discovery_rate,3,0.06269360269360263,0.0008754208754208666,0.06181818181818177,0.00526416736193751,0.058383838383838295,0.0678787878787878,3,0,0,"{""area_scale"": ""density"", ""beamwidth_deg"": 10.0, ""mobility_model"": ""random_direction"", ""node_count"": 100}","scenario_seed,node_count,beamwidth_deg,area_scale,mobility_model",Mobility-boundary paired comparison against enhanced no-ISAC.
mobility_b10_random_direction_vs_no_isac,06_analysis/paper_tables/round5_mobility_transfer/per_episode_summary.csv,improved_rl_isac,improved_rl_no_isac,collision_penalized_discovery_rate,3,0.05533671720810516,0.0008754208754208666,0.054461296332684296,0.0038802632557918913,0.0521330956625074,0.058940672548267396,3,0,0,"{""area_scale"": ""density"", ""beamwidth_deg"": 10.0, ""mobility_model"": ""random_direction"", ""node_count"": 100}","scenario_seed,node_count,beamwidth_deg,area_scale,mobility_model",Mobility-boundary paired comparison against enhanced no-ISAC.
mobility_b10_random_direction_vs_no_isac,06_analysis/paper_tables/round5_mobility_transfer/per_episode_summary.csv,improved_rl_isac,improved_rl_no_isac,empty_scan_ratio,3,0.290194373529561,0.9021726840564438,-0.6119783105268829,0.003785355617982835,-0.6155614583105302,-0.6080188560744652,0,3,0,"{""area_scale"": ""density"", ""beamwidth_deg"": 10.0, ""mobility_model"": ""random_direction"", ""node_count"": 100}","scenario_seed,node_count,beamwidth_deg,area_scale,mobility_model",Mobility-boundary paired comparison against enhanced no-ISAC.
mobility_b10_random_direction_vs_no_isac,06_analysis/paper_tables/round5_mobility_transfer/per_episode_summary.csv,improved_rl_isac,improved_rl_no_isac,lambda2,3,0.21966112312369399,0.0,0.21966112312369399,0.38046422569788374,-3.2707150594762493e-15,0.6589833693710854,1,2,0,"{""area_scale"": ""density"", ""beamwidth_deg"": 10.0, ""mobility_model"": ""random_direction"", ""node_count"": 100}","scenario_seed,node_count,beamwidth_deg,area_scale,mobility_model",Mobility-boundary paired comparison against enhanced no-ISAC.
mobility_b10_random_direction_vs_no_isac,06_analysis/paper_tables/round5_mobility_transfer/per_episode_summary.csv,improved_rl_isac,improved_rl_no_isac,collision_count,3,654.6666666666666,0.0,654.6666666666666,86.12394169644892,566.0,738.0,3,0,0,"{""area_scale"": ""density"", ""beamwidth_deg"": 10.0, ""mobility_model"": ""random_direction"", ""node_count"": 100}","scenario_seed,node_count,beamwidth_deg,area_scale,mobility_model",Mobility-boundary paired comparison against enhanced no-ISAC.
mobility_b10_random_waypoint_vs_no_isac,06_analysis/paper_tables/round5_mobility_transfer/per_episode_summary.csv,improved_rl_isac,improved_rl_no_isac,discovery_rate,3,0.0153535353535353,0.0003367003367003333,0.015016835016834965,0.00042053858575072936,0.0145454545454545,0.0153535353535353,3,0,0,"{""area_scale"": ""density"", ""beamwidth_deg"": 10.0, ""mobility_model"": ""random_waypoint"", ""node_count"": 100}","scenario_seed,node_count,beamwidth_deg,area_scale,mobility_model",Mobility-boundary paired comparison against enhanced no-ISAC.
mobility_b10_random_waypoint_vs_no_isac,06_analysis/paper_tables/round5_mobility_transfer/per_episode_summary.csv,improved_rl_isac,improved_rl_no_isac,collision_penalized_discovery_rate,3,0.011830726668998365,0.0003367003367003333,0.011494026332298034,0.001058222539124672,0.010571720045404201,0.0126493323963457,3,0,0,"{""area_scale"": ""density"", ""beamwidth_deg"": 10.0, ""mobility_model"": ""random_waypoint"", ""node_count"": 100}","scenario_seed,node_count,beamwidth_deg,area_scale,mobility_model",Mobility-boundary paired comparison against enhanced no-ISAC.
mobility_b10_random_waypoint_vs_no_isac,06_analysis/paper_tables/round5_mobility_transfer/per_episode_summary.csv,improved_rl_isac,improved_rl_no_isac,empty_scan_ratio,3,0.137672053484502,0.9034376480515535,-0.7657655945670513,0.0014466698555125116,-0.7673723794649135,-0.7645665565825078,0,3,0,"{""area_scale"": ""density"", ""beamwidth_deg"": 10.0, ""mobility_model"": ""random_waypoint"", ""node_count"": 100}","scenario_seed,node_count,beamwidth_deg,area_scale,mobility_model",Mobility-boundary paired comparison against enhanced no-ISAC.
mobility_b10_random_waypoint_vs_no_isac,06_analysis/paper_tables/round5_mobility_transfer/per_episode_summary.csv,improved_rl_isac,improved_rl_no_isac,lambda2,3,-1.1004096240528214e-15,0.0,-1.1004096240528214e-15,6.721503973427757e-17,-1.1778962724867037e-15,-1.0578288459477579e-15,0,3,0,"{""area_scale"": ""density"", ""beamwidth_deg"": 10.0, ""mobility_model"": ""random_waypoint"", ""node_count"": 100}","scenario_seed,node_count,beamwidth_deg,area_scale,mobility_model",Mobility-boundary paired comparison against enhanced no-ISAC.
mobility_b10_random_waypoint_vs_no_isac,06_analysis/paper_tables/round5_mobility_transfer/per_episode_summary.csv,improved_rl_isac,improved_rl_no_isac,collision_count,3,1500.6666666666667,0.0,1500.6666666666667,686.7906037019823,742.0,2080.0,3,0,0,"{""area_scale"": ""density"", ""beamwidth_deg"": 10.0, ""mobility_model"": ""random_waypoint"", ""node_count"": 100}","scenario_seed,node_count,beamwidth_deg,area_scale,mobility_model",Mobility-boundary paired comparison against enhanced no-ISAC.
mobility_b15_gauss_markov_vs_no_isac,06_analysis/paper_tables/round5_mobility_transfer/per_episode_summary.csv,improved_rl_isac,improved_rl_no_isac,discovery_rate,3,0.544040404040404,0.0037710437710437336,0.5402693602693603,0.002998713007166553,0.5369696969696971,0.5428282828282828,3,0,0,"{""area_scale"": ""density"", ""beamwidth_deg"": 15.0, ""mobility_model"": ""gauss_markov"", ""node_count"": 100}","scenario_seed,node_count,beamwidth_deg,area_scale,mobility_model",Mobility-boundary paired comparison against enhanced no-ISAC.
mobility_b15_gauss_markov_vs_no_isac,06_analysis/paper_tables/round5_mobility_transfer/per_episode_summary.csv,improved_rl_isac,improved_rl_no_isac,collision_penalized_discovery_rate,3,0.2036344286463546,0.0037710437710437336,0.19986338487531086,0.0079104018598329,0.1938515921066257,0.2088248012507068,3,0,0,"{""area_scale"": ""density"", ""beamwidth_deg"": 15.0, ""mobility_model"": ""gauss_markov"", ""node_count"": 100}","scenario_seed,node_count,beamwidth_deg,area_scale,mobility_model",Mobility-boundary paired comparison against enhanced no-ISAC.
mobility_b15_gauss_markov_vs_no_isac,06_analysis/paper_tables/round5_mobility_transfer/per_episode_summary.csv,improved_rl_isac,improved_rl_no_isac,empty_scan_ratio,3,0.3292709187112828,0.8344309835492592,-0.5051600648379765,0.008146987550001485,-0.5114635597341022,-0.4959607666285916,0,3,0,"{""area_scale"": ""density"", ""beamwidth_deg"": 15.0, ""mobility_model"": ""gauss_markov"", ""node_count"": 100}","scenario_seed,node_count,beamwidth_deg,area_scale,mobility_model",Mobility-boundary paired comparison against enhanced no-ISAC.
mobility_b15_gauss_markov_vs_no_isac,06_analysis/paper_tables/round5_mobility_transfer/per_episode_summary.csv,improved_rl_isac,improved_rl_no_isac,lambda2,3,26.84126556281136,-5.148781885218722e-16,26.84126556281136,4.815182421040146,21.743589094051178,31.312667895675713,3,0,0,"{""area_scale"": ""density"", ""beamwidth_deg"": 15.0, ""mobility_model"": ""gauss_markov"", ""node_count"": 100}","scenario_seed,node_count,beamwidth_deg,area_scale,mobility_model",Mobility-boundary paired comparison against enhanced no-ISAC.
mobility_b15_gauss_markov_vs_no_isac,06_analysis/paper_tables/round5_mobility_transfer/per_episode_summary.csv,improved_rl_isac,improved_rl_no_isac,collision_count,3,8285.0,0.0,8285.0,424.844677499907,7804.0,8609.0,3,0,0,"{""area_scale"": ""density"", ""beamwidth_deg"": 15.0, ""mobility_model"": ""gauss_markov"", ""node_count"": 100}","scenario_seed,node_count,beamwidth_deg,area_scale,mobility_model",Mobility-boundary paired comparison against enhanced no-ISAC.
mobility_b15_random_walk_vs_no_isac,06_analysis/paper_tables/round5_mobility_transfer/per_episode_summary.csv,improved_rl_isac,improved_rl_no_isac,discovery_rate,3,0.4513131313131313,0.004107744107744067,0.44720538720538716,0.0150560403804213,0.431919191919192,0.462020202020202,3,0,0,"{""area_scale"": ""density"", ""beamwidth_deg"": 15.0, ""mobility_model"": ""random_walk"", ""node_count"": 100}","scenario_seed,node_count,beamwidth_deg,area_scale,mobility_model",Mobility-boundary paired comparison against enhanced no-ISAC.
mobility_b15_random_walk_vs_no_isac,06_analysis/paper_tables/round5_mobility_transfer/per_episode_summary.csv,improved_rl_isac,improved_rl_no_isac,collision_penalized_discovery_rate,3,0.3749614334648442,0.004107744107744067,0.37085368935710017,0.009559618052850398,0.3624950041308015,0.3812768756007487,3,0,0,"{""area_scale"": ""density"", ""beamwidth_deg"": 15.0, ""mobility_model"": ""random_walk"", ""node_count"": 100}","scenario_seed,node_count,beamwidth_deg,area_scale,mobility_model",Mobility-boundary paired comparison against enhanced no-ISAC.
mobility_b15_random_walk_vs_no_isac,06_analysis/paper_tables/round5_mobility_transfer/per_episode_summary.csv,improved_rl_isac,improved_rl_no_isac,empty_scan_ratio,3,0.6425806415169748,0.834149355806287,-0.1915687142893121,0.006264402762766386,-0.19544439486075604,-0.18434153878493986,0,3,0,"{""area_scale"": ""density"", ""beamwidth_deg"": 15.0, ""mobility_model"": ""random_walk"", ""node_count"": 100}","scenario_seed,node_count,beamwidth_deg,area_scale,mobility_model",Mobility-boundary paired comparison against enhanced no-ISAC.
mobility_b15_random_walk_vs_no_isac,06_analysis/paper_tables/round5_mobility_transfer/per_episode_summary.csv,improved_rl_isac,improved_rl_no_isac,lambda2,3,24.183022263079476,-2.9061706897969126e-16,24.183022263079476,0.944036429675424,23.27821083993557,25.1619182375866,3,0,0,"{""area_scale"": ""density"", ""beamwidth_deg"": 15.0, ""mobility_model"": ""random_walk"", ""node_count"": 100}","scenario_seed,node_count,beamwidth_deg,area_scale,mobility_model",Mobility-boundary paired comparison against enhanced no-ISAC.
mobility_b15_random_walk_vs_no_isac,06_analysis/paper_tables/round5_mobility_transfer/per_episode_summary.csv,improved_rl_isac,improved_rl_no_isac,collision_count,3,1008.6666666666666,0.0,1008.6666666666666,160.31323505354553,835.0,1151.0,3,0,0,"{""area_scale"": ""density"", ""beamwidth_deg"": 15.0, ""mobility_model"": ""random_walk"", ""node_count"": 100}","scenario_seed,node_count,beamwidth_deg,area_scale,mobility_model",Mobility-boundary paired comparison against enhanced no-ISAC.
mobility_b15_random_direction_vs_no_isac,06_analysis/paper_tables/round5_mobility_transfer/per_episode_summary.csv,improved_rl_isac,improved_rl_no_isac,discovery_rate,3,0.1358249158249158,0.003703703703703666,0.1321212121212121,0.011711945891422814,0.1191919191919192,0.142020202020202,3,0,0,"{""area_scale"": ""density"", ""beamwidth_deg"": 15.0, ""mobility_model"": ""random_direction"", ""node_count"": 100}","scenario_seed,node_count,beamwidth_deg,area_scale,mobility_model",Mobility-boundary paired comparison against enhanced no-ISAC.
mobility_b15_random_direction_vs_no_isac,06_analysis/paper_tables/round5_mobility_transfer/per_episode_summary.csv,improved_rl_isac,improved_rl_no_isac,collision_penalized_discovery_rate,3,0.07817445708495335,0.003703703703703666,0.0744707533812497,0.0017462600331647916,0.072583261440023,0.0760288727987843,3,0,0,"{""area_scale"": ""density"", ""beamwidth_deg"": 15.0, ""mobility_model"": ""random_direction"", ""node_count"": 100}","scenario_seed,node_count,beamwidth_deg,area_scale,mobility_model",Mobility-boundary paired comparison against enhanced no-ISAC.
mobility_b15_random_direction_vs_no_isac,06_analysis/paper_tables/round5_mobility_transfer/per_episode_summary.csv,improved_rl_isac,improved_rl_no_isac,empty_scan_ratio,3,0.21249934737591614,0.8336168481967574,-0.6211175008208413,0.004932132413897042,-0.6261189030487402,-0.6162576871694554,0,3,0,"{""area_scale"": ""density"", ""beamwidth_deg"": 15.0, ""mobility_model"": ""random_direction"", ""node_count"": 100}","scenario_seed,node_count,beamwidth_deg,area_scale,mobility_model",Mobility-boundary paired comparison against enhanced no-ISAC.
mobility_b15_random_direction_vs_no_isac,06_analysis/paper_tables/round5_mobility_transfer/per_episode_summary.csv,improved_rl_isac,improved_rl_no_isac,lambda2,3,3.723050642226385,-7.30788088887946e-16,3.7230506422263865,0.43420179233315465,3.270125157643237,4.135725831810464,3,0,0,"{""area_scale"": ""density"", ""beamwidth_deg"": 15.0, ""mobility_model"": ""random_direction"", ""node_count"": 100}","scenario_seed,node_count,beamwidth_deg,area_scale,mobility_model",Mobility-boundary paired comparison against enhanced no-ISAC.
mobility_b15_random_direction_vs_no_isac,06_analysis/paper_tables/round5_mobility_transfer/per_episode_summary.csv,improved_rl_isac,improved_rl_no_isac,collision_count,3,3649.3333333333335,0.0,3649.3333333333335,722.0867907207092,2816.0,4090.0,3,0,0,"{""area_scale"": ""density"", ""beamwidth_deg"": 15.0, ""mobility_model"": ""random_direction"", ""node_count"": 100}","scenario_seed,node_count,beamwidth_deg,area_scale,mobility_model",Mobility-boundary paired comparison against enhanced no-ISAC.
mobility_b15_random_waypoint_vs_no_isac,06_analysis/paper_tables/round5_mobility_transfer/per_episode_summary.csv,improved_rl_isac,improved_rl_no_isac,discovery_rate,3,0.0388552188552188,0.003703703703703666,0.035151515151515135,0.0019271499018524508,0.0333333333333333,0.0371717171717172,3,0,0,"{""area_scale"": ""density"", ""beamwidth_deg"": 15.0, ""mobility_model"": ""random_waypoint"", ""node_count"": 100}","scenario_seed,node_count,beamwidth_deg,area_scale,mobility_model",Mobility-boundary paired comparison against enhanced no-ISAC.
mobility_b15_random_waypoint_vs_no_isac,06_analysis/paper_tables/round5_mobility_transfer/per_episode_summary.csv,improved_rl_isac,improved_rl_no_isac,collision_penalized_discovery_rate,3,0.018548294037350165,0.003703703703703666,0.014844590333646499,0.0014936888169370583,0.013626832314467896,0.0165112525615218,3,0,0,"{""area_scale"": ""density"", ""beamwidth_deg"": 15.0, ""mobility_model"": ""random_waypoint"", ""node_count"": 100}","scenario_seed,node_count,beamwidth_deg,area_scale,mobility_model",Mobility-boundary paired comparison against enhanced no-ISAC.
mobility_b15_random_waypoint_vs_no_isac,06_analysis/paper_tables/round5_mobility_transfer/per_episode_summary.csv,improved_rl_isac,improved_rl_no_isac,empty_scan_ratio,3,0.1089808410652171,0.8398834960903554,-0.7309026550251384,0.0022488994284955493,-0.7334950862882135,-0.7294759643034089,0,3,0,"{""area_scale"": ""density"", ""beamwidth_deg"": 15.0, ""mobility_model"": ""random_waypoint"", ""node_count"": 100}","scenario_seed,node_count,beamwidth_deg,area_scale,mobility_model",Mobility-boundary paired comparison against enhanced no-ISAC.
mobility_b15_random_waypoint_vs_no_isac,06_analysis/paper_tables/round5_mobility_transfer/per_episode_summary.csv,improved_rl_isac,improved_rl_no_isac,lambda2,3,0.123787739430183,-4.613595055963856e-16,0.12378773943018344,0.214406654047174,-3.0672136821993446e-16,0.37136321829054914,2,1,0,"{""area_scale"": ""density"", ""beamwidth_deg"": 15.0, ""mobility_model"": ""random_waypoint"", ""node_count"": 100}","scenario_seed,node_count,beamwidth_deg,area_scale,mobility_model",Mobility-boundary paired comparison against enhanced no-ISAC.
mobility_b15_random_waypoint_vs_no_isac,06_analysis/paper_tables/round5_mobility_transfer/per_episode_summary.csv,improved_rl_isac,improved_rl_no_isac,collision_count,3,5443.666666666667,0.0,5443.666666666667,581.434719752212,5076.0,6114.0,3,0,0,"{""area_scale"": ""density"", ""beamwidth_deg"": 15.0, ""mobility_model"": ""random_waypoint"", ""node_count"": 100}","scenario_seed,node_count,beamwidth_deg,area_scale,mobility_model",Mobility-boundary paired comparison against enhanced no-ISAC.
error_b15_gauss_markov_nominal_vs_no_isac,06_analysis/paper_tables/round8_error_profiles_b15_gm_rw_600slot/per_episode_summary.csv,improved_rl_isac,improved_rl_no_isac,discovery_rate,3,0.5477441077441078,0.003703703703703667,0.5440404040404041,0.004035350374835947,0.5395959595959597,0.5474747474747476,3,0,0,"{""angular_cell_offset_std"": 0.0, ""area_scale"": ""density"", ""beamwidth_deg"": 15.0, ""false_alarm_rate"": 0.0, ""miss_detection_rate"": 0.0, ""mobility_model"": ""gauss_markov"", ""node_count"": 100}","scenario_seed,node_count,beamwidth_deg,area_scale,mobility_model,false_alarm_rate,miss_detection_rate,angular_cell_offset_std",B=15 configured ISAC-error paired comparison against enhanced no-ISAC.
error_b15_gauss_markov_nominal_vs_no_isac,06_analysis/paper_tables/round8_error_profiles_b15_gm_rw_600slot/per_episode_summary.csv,improved_rl_isac,improved_rl_no_isac,collision_penalized_discovery_rate,3,0.19798928961136297,0.003703703703703667,0.19428558590765932,0.010887377234949433,0.18202170734528952,0.2028118820986803,3,0,0,"{""angular_cell_offset_std"": 0.0, ""area_scale"": ""density"", ""beamwidth_deg"": 15.0, ""false_alarm_rate"": 0.0, ""miss_detection_rate"": 0.0, ""mobility_model"": ""gauss_markov"", ""node_count"": 100}","scenario_seed,node_count,beamwidth_deg,area_scale,mobility_model,false_alarm_rate,miss_detection_rate,angular_cell_offset_std",B=15 configured ISAC-error paired comparison against enhanced no-ISAC.
error_b15_gauss_markov_nominal_vs_no_isac,06_analysis/paper_tables/round8_error_profiles_b15_gm_rw_600slot/per_episode_summary.csv,improved_rl_isac,improved_rl_no_isac,empty_scan_ratio,3,0.3941648513488567,0.8345408059692074,-0.4403759546203508,0.011818763680242622,-0.4516897293865199,-0.42810982746746534,0,3,0,"{""angular_cell_offset_std"": 0.0, ""area_scale"": ""density"", ""beamwidth_deg"": 15.0, ""false_alarm_rate"": 0.0, ""miss_detection_rate"": 0.0, ""mobility_model"": ""gauss_markov"", ""node_count"": 100}","scenario_seed,node_count,beamwidth_deg,area_scale,mobility_model,false_alarm_rate,miss_detection_rate,angular_cell_offset_std",B=15 configured ISAC-error paired comparison against enhanced no-ISAC.
error_b15_gauss_markov_nominal_vs_no_isac,06_analysis/paper_tables/round8_error_profiles_b15_gm_rw_600slot/per_episode_summary.csv,improved_rl_isac,improved_rl_no_isac,lambda2,3,29.061546535718293,-2.8484348683029113e-16,29.061546535718293,3.9991417683912465,24.601175635999187,32.32708383948825,3,0,0,"{""angular_cell_offset_std"": 0.0, ""area_scale"": ""density"", ""beamwidth_deg"": 15.0, ""false_alarm_rate"": 0.0, ""miss_detection_rate"": 0.0, ""mobility_model"": ""gauss_markov"", ""node_count"": 100}","scenario_seed,node_count,beamwidth_deg,area_scale,mobility_model,false_alarm_rate,miss_detection_rate,angular_cell_offset_std",B=15 configured ISAC-error paired comparison against enhanced no-ISAC.
error_b15_gauss_markov_nominal_vs_no_isac,06_analysis/paper_tables/round8_error_profiles_b15_gm_rw_600slot/per_episode_summary.csv,improved_rl_isac,improved_rl_no_isac,collision_count,3,8769.666666666666,0.0,8769.666666666666,687.713845529762,8230.0,9544.0,3,0,0,"{""angular_cell_offset_std"": 0.0, ""area_scale"": ""density"", ""beamwidth_deg"": 15.0, ""false_alarm_rate"": 0.0, ""miss_detection_rate"": 0.0, ""mobility_model"": ""gauss_markov"", ""node_count"": 100}","scenario_seed,node_count,beamwidth_deg,area_scale,mobility_model,false_alarm_rate,miss_detection_rate,angular_cell_offset_std",B=15 configured ISAC-error paired comparison against enhanced no-ISAC.
error_b15_gauss_markov_mild_vs_no_isac,06_analysis/paper_tables/round8_error_profiles_b15_gm_rw_600slot/per_episode_summary.csv,improved_rl_isac,improved_rl_no_isac,discovery_rate,3,0.5851851851851851,0.003703703703703667,0.5814814814814815,0.003638233712926675,0.578989898989899,0.5856565656565658,3,0,0,"{""angular_cell_offset_std"": 0.5, ""area_scale"": ""density"", ""beamwidth_deg"": 15.0, ""false_alarm_rate"": 0.01, ""miss_detection_rate"": 0.05, ""mobility_model"": ""gauss_markov"", ""node_count"": 100}","scenario_seed,node_count,beamwidth_deg,area_scale,mobility_model,false_alarm_rate,miss_detection_rate,angular_cell_offset_std",B=15 configured ISAC-error paired comparison against enhanced no-ISAC.
error_b15_gauss_markov_mild_vs_no_isac,06_analysis/paper_tables/round8_error_profiles_b15_gm_rw_600slot/per_episode_summary.csv,improved_rl_isac,improved_rl_no_isac,collision_penalized_discovery_rate,3,0.25217402393361327,0.003703703703703667,0.24847032022990964,0.00969174225771649,0.24017467912204749,0.2591232635303512,3,0,0,"{""angular_cell_offset_std"": 0.5, ""area_scale"": ""density"", ""beamwidth_deg"": 15.0, ""false_alarm_rate"": 0.01, ""miss_detection_rate"": 0.05, ""mobility_model"": ""gauss_markov"", ""node_count"": 100}","scenario_seed,node_count,beamwidth_deg,area_scale,mobility_model,false_alarm_rate,miss_detection_rate,angular_cell_offset_std",B=15 configured ISAC-error paired comparison against enhanced no-ISAC.
error_b15_gauss_markov_mild_vs_no_isac,06_analysis/paper_tables/round8_error_profiles_b15_gm_rw_600slot/per_episode_summary.csv,improved_rl_isac,improved_rl_no_isac,empty_scan_ratio,3,0.44082775573839883,0.8345408059692074,-0.3937130502308086,0.007128714435441902,-0.4010370216208059,-0.3867971204965011,0,3,0,"{""angular_cell_offset_std"": 0.5, ""area_scale"": ""density"", ""beamwidth_deg"": 15.0, ""false_alarm_rate"": 0.01, ""miss_detection_rate"": 0.05, ""mobility_model"": ""gauss_markov"", ""node_count"": 100}","scenario_seed,node_count,beamwidth_deg,area_scale,mobility_model,false_alarm_rate,miss_detection_rate,angular_cell_offset_std",B=15 configured ISAC-error paired comparison against enhanced no-ISAC.
error_b15_gauss_markov_mild_vs_no_isac,06_analysis/paper_tables/round8_error_profiles_b15_gm_rw_600slot/per_episode_summary.csv,improved_rl_isac,improved_rl_no_isac,lambda2,3,32.70126347094098,-2.8484348683029113e-16,32.70126347094098,2.3076111476859866,30.56946292519733,35.15159107444448,3,0,0,"{""angular_cell_offset_std"": 0.5, ""area_scale"": ""density"", ""beamwidth_deg"": 15.0, ""false_alarm_rate"": 0.01, ""miss_detection_rate"": 0.05, ""mobility_model"": ""gauss_markov"", ""node_count"": 100}","scenario_seed,node_count,beamwidth_deg,area_scale,mobility_model,false_alarm_rate,miss_detection_rate,angular_cell_offset_std",B=15 configured ISAC-error paired comparison against enhanced no-ISAC.
error_b15_gauss_markov_mild_vs_no_isac,06_analysis/paper_tables/round8_error_profiles_b15_gm_rw_600slot/per_episode_summary.csv,improved_rl_isac,improved_rl_no_isac,collision_count,3,6548.666666666667,0.0,6548.666666666667,482.8874955238884,6055.0,7020.0,3,0,0,"{""angular_cell_offset_std"": 0.5, ""area_scale"": ""density"", ""beamwidth_deg"": 15.0, ""false_alarm_rate"": 0.01, ""miss_detection_rate"": 0.05, ""mobility_model"": ""gauss_markov"", ""node_count"": 100}","scenario_seed,node_count,beamwidth_deg,area_scale,mobility_model,false_alarm_rate,miss_detection_rate,angular_cell_offset_std",B=15 configured ISAC-error paired comparison against enhanced no-ISAC.
error_b15_gauss_markov_moderate_vs_no_isac,06_analysis/paper_tables/round8_error_profiles_b15_gm_rw_600slot/per_episode_summary.csv,improved_rl_isac,improved_rl_no_isac,discovery_rate,3,0.5420875420875421,0.003703703703703667,0.5383838383838384,0.012422189203752168,0.524040404040404,0.5456565656565657,3,0,0,"{""angular_cell_offset_std"": 1.0, ""area_scale"": ""density"", ""beamwidth_deg"": 15.0, ""false_alarm_rate"": 0.05, ""miss_detection_rate"": 0.15, ""mobility_model"": ""gauss_markov"", ""node_count"": 100}","scenario_seed,node_count,beamwidth_deg,area_scale,mobility_model,false_alarm_rate,miss_detection_rate,angular_cell_offset_std",B=15 configured ISAC-error paired comparison against enhanced no-ISAC.
error_b15_gauss_markov_moderate_vs_no_isac,06_analysis/paper_tables/round8_error_profiles_b15_gm_rw_600slot/per_episode_summary.csv,improved_rl_isac,improved_rl_no_isac,collision_penalized_discovery_rate,3,0.30529651196709895,0.003703703703703667,0.3015928082633953,0.004143752651761761,0.2980191126845959,0.30613505275228037,3,0,0,"{""angular_cell_offset_std"": 1.0, ""area_scale"": ""density"", ""beamwidth_deg"": 15.0, ""false_alarm_rate"": 0.05, ""miss_detection_rate"": 0.15, ""mobility_model"": ""gauss_markov"", ""node_count"": 100}","scenario_seed,node_count,beamwidth_deg,area_scale,mobility_model,false_alarm_rate,miss_detection_rate,angular_cell_offset_std",B=15 configured ISAC-error paired comparison against enhanced no-ISAC.
error_b15_gauss_markov_moderate_vs_no_isac,06_analysis/paper_tables/round8_error_profiles_b15_gm_rw_600slot/per_episode_summary.csv,improved_rl_isac,improved_rl_no_isac,empty_scan_ratio,3,0.5110694034084481,0.8345408059692074,-0.3234714025607594,0.00732419688142362,-0.3301223593902586,-0.3156218286676894,0,3,0,"{""angular_cell_offset_std"": 1.0, ""area_scale"": ""density"", ""beamwidth_deg"": 15.0, ""false_alarm_rate"": 0.05, ""miss_detection_rate"": 0.15, ""mobility_model"": ""gauss_markov"", ""node_count"": 100}","scenario_seed,node_count,beamwidth_deg,area_scale,mobility_model,false_alarm_rate,miss_detection_rate,angular_cell_offset_std",B=15 configured ISAC-error paired comparison against enhanced no-ISAC.
error_b15_gauss_markov_moderate_vs_no_isac,06_analysis/paper_tables/round8_error_profiles_b15_gm_rw_600slot/per_episode_summary.csv,improved_rl_isac,improved_rl_no_isac,lambda2,3,34.44198442399897,-2.8484348683029113e-16,34.44198442399897,2.5185059959136593,32.08031406157383,37.09243087214068,3,0,0,"{""angular_cell_offset_std"": 1.0, ""area_scale"": ""density"", ""beamwidth_deg"": 15.0, ""false_alarm_rate"": 0.05, ""miss_detection_rate"": 0.15, ""mobility_model"": ""gauss_markov"", ""node_count"": 100}","scenario_seed,node_count,beamwidth_deg,area_scale,mobility_model,false_alarm_rate,miss_detection_rate,angular_cell_offset_std",B=15 configured ISAC-error paired comparison against enhanced no-ISAC.
error_b15_gauss_markov_moderate_vs_no_isac,06_analysis/paper_tables/round8_error_profiles_b15_gm_rw_600slot/per_episode_summary.csv,improved_rl_isac,improved_rl_no_isac,collision_count,3,3840.0,0.0,3840.0,211.61049123330346,3642.0,4063.0,3,0,0,"{""angular_cell_offset_std"": 1.0, ""area_scale"": ""density"", ""beamwidth_deg"": 15.0, ""false_alarm_rate"": 0.05, ""miss_detection_rate"": 0.15, ""mobility_model"": ""gauss_markov"", ""node_count"": 100}","scenario_seed,node_count,beamwidth_deg,area_scale,mobility_model,false_alarm_rate,miss_detection_rate,angular_cell_offset_std",B=15 configured ISAC-error paired comparison against enhanced no-ISAC.
error_b15_gauss_markov_severe_vs_no_isac,06_analysis/paper_tables/round8_error_profiles_b15_gm_rw_600slot/per_episode_summary.csv,improved_rl_isac,improved_rl_no_isac,discovery_rate,3,0.5272053872053872,0.003703703703703667,0.5235016835016836,0.010226160724349247,0.5121212121212121,0.531919191919192,3,0,0,"{""angular_cell_offset_std"": 1.5, ""area_scale"": ""density"", ""beamwidth_deg"": 15.0, ""false_alarm_rate"": 0.1, ""miss_detection_rate"": 0.3, ""mobility_model"": ""gauss_markov"", ""node_count"": 100}","scenario_seed,node_count,beamwidth_deg,area_scale,mobility_model,false_alarm_rate,miss_detection_rate,angular_cell_offset_std",B=15 configured ISAC-error paired comparison against enhanced no-ISAC.
error_b15_gauss_markov_severe_vs_no_isac,06_analysis/paper_tables/round8_error_profiles_b15_gm_rw_600slot/per_episode_summary.csv,improved_rl_isac,improved_rl_no_isac,collision_penalized_discovery_rate,3,0.3560304563720345,0.003703703703703667,0.35232675266833086,0.002847180459773262,0.35004862439832757,0.3555186283532741,3,0,0,"{""angular_cell_offset_std"": 1.5, ""area_scale"": ""density"", ""beamwidth_deg"": 15.0, ""false_alarm_rate"": 0.1, ""miss_detection_rate"": 0.3, ""mobility_model"": ""gauss_markov"", ""node_count"": 100}","scenario_seed,node_count,beamwidth_deg,area_scale,mobility_model,false_alarm_rate,miss_detection_rate,angular_cell_offset_std",B=15 configured ISAC-error paired comparison against enhanced no-ISAC.
error_b15_gauss_markov_severe_vs_no_isac,06_analysis/paper_tables/round8_error_profiles_b15_gm_rw_600slot/per_episode_summary.csv,improved_rl_isac,improved_rl_no_isac,empty_scan_ratio,3,0.5668148193378083,0.8345408059692074,-0.2677259866313992,0.006962190938561659,-0.27399625685554285,-0.26023368659794177,0,3,0,"{""angular_cell_offset_std"": 1.5, ""area_scale"": ""density"", ""beamwidth_deg"": 15.0, ""false_alarm_rate"": 0.1, ""miss_detection_rate"": 0.3, ""mobility_model"": ""gauss_markov"", ""node_count"": 100}","scenario_seed,node_count,beamwidth_deg,area_scale,mobility_model,false_alarm_rate,miss_detection_rate,angular_cell_offset_std",B=15 configured ISAC-error paired comparison against enhanced no-ISAC.
error_b15_gauss_markov_severe_vs_no_isac,06_analysis/paper_tables/round8_error_profiles_b15_gm_rw_600slot/per_episode_summary.csv,improved_rl_isac,improved_rl_no_isac,lambda2,3,35.85724982120052,-2.8484348683029113e-16,35.85724982120052,0.8538842424440931,34.90601696241313,36.55755567127687,3,0,0,"{""angular_cell_offset_std"": 1.5, ""area_scale"": ""density"", ""beamwidth_deg"": 15.0, ""false_alarm_rate"": 0.1, ""miss_detection_rate"": 0.3, ""mobility_model"": ""gauss_markov"", ""node_count"": 100}","scenario_seed,node_count,beamwidth_deg,area_scale,mobility_model,false_alarm_rate,miss_detection_rate,angular_cell_offset_std",B=15 configured ISAC-error paired comparison against enhanced no-ISAC.
error_b15_gauss_markov_severe_vs_no_isac,06_analysis/paper_tables/round8_error_profiles_b15_gm_rw_600slot/per_episode_summary.csv,improved_rl_isac,improved_rl_no_isac,collision_count,3,2380.6666666666665,0.0,2380.6666666666665,191.42970859648022,2162.0,2518.0,3,0,0,"{""angular_cell_offset_std"": 1.5, ""area_scale"": ""density"", ""beamwidth_deg"": 15.0, ""false_alarm_rate"": 0.1, ""miss_detection_rate"": 0.3, ""mobility_model"": ""gauss_markov"", ""node_count"": 100}","scenario_seed,node_count,beamwidth_deg,area_scale,mobility_model,false_alarm_rate,miss_detection_rate,angular_cell_offset_std",B=15 configured ISAC-error paired comparison against enhanced no-ISAC.
error_b15_random_walk_nominal_vs_no_isac,06_analysis/paper_tables/round8_error_profiles_b15_gm_rw_600slot/per_episode_summary.csv,improved_rl_isac,improved_rl_no_isac,discovery_rate,3,0.4414141414141413,0.004107744107744067,0.4373063973063973,0.012371710134216304,0.42323232323232324,0.4464646464646465,3,0,0,"{""angular_cell_offset_std"": 0.0, ""area_scale"": ""density"", ""beamwidth_deg"": 15.0, ""false_alarm_rate"": 0.0, ""miss_detection_rate"": 0.0, ""mobility_model"": ""random_walk"", ""node_count"": 100}","scenario_seed,node_count,beamwidth_deg,area_scale,mobility_model,false_alarm_rate,miss_detection_rate,angular_cell_offset_std",B=15 configured ISAC-error paired comparison against enhanced no-ISAC.
error_b15_random_walk_nominal_vs_no_isac,06_analysis/paper_tables/round8_error_profiles_b15_gm_rw_600slot/per_episode_summary.csv,improved_rl_isac,improved_rl_no_isac,collision_penalized_discovery_rate,3,0.37734193710496483,0.004107744107744067,0.3732341929972207,0.004320766741818486,0.3686639312732402,0.377252400911146,3,0,0,"{""angular_cell_offset_std"": 0.0, ""area_scale"": ""density"", ""beamwidth_deg"": 15.0, ""false_alarm_rate"": 0.0, ""miss_detection_rate"": 0.0, ""mobility_model"": ""random_walk"", ""node_count"": 100}","scenario_seed,node_count,beamwidth_deg,area_scale,mobility_model,false_alarm_rate,miss_detection_rate,angular_cell_offset_std",B=15 configured ISAC-error paired comparison against enhanced no-ISAC.
error_b15_random_walk_nominal_vs_no_isac,06_analysis/paper_tables/round8_error_profiles_b15_gm_rw_600slot/per_episode_summary.csv,improved_rl_isac,improved_rl_no_isac,empty_scan_ratio,3,0.6716263704454186,0.8340811542228165,-0.16245478377739778,0.004144341375031245,-0.16520776588411867,-0.15768839854090244,0,3,0,"{""angular_cell_offset_std"": 0.0, ""area_scale"": ""density"", ""beamwidth_deg"": 15.0, ""false_alarm_rate"": 0.0, ""miss_detection_rate"": 0.0, ""mobility_model"": ""random_walk"", ""node_count"": 100}","scenario_seed,node_count,beamwidth_deg,area_scale,mobility_model,false_alarm_rate,miss_detection_rate,angular_cell_offset_std",B=15 configured ISAC-error paired comparison against enhanced no-ISAC.
error_b15_random_walk_nominal_vs_no_isac,06_analysis/paper_tables/round8_error_profiles_b15_gm_rw_600slot/per_episode_summary.csv,improved_rl_isac,improved_rl_no_isac,lambda2,3,25.135159091100803,-2.9061706897969126e-16,25.135159091100803,0.42159560923907746,24.78257983367205,25.6021526209808,3,0,0,"{""angular_cell_offset_std"": 0.0, ""area_scale"": ""density"", ""beamwidth_deg"": 15.0, ""false_alarm_rate"": 0.0, ""miss_detection_rate"": 0.0, ""mobility_model"": ""random_walk"", ""node_count"": 100}","scenario_seed,node_count,beamwidth_deg,area_scale,mobility_model,false_alarm_rate,miss_detection_rate,angular_cell_offset_std",B=15 configured ISAC-error paired comparison against enhanced no-ISAC.
error_b15_random_walk_nominal_vs_no_isac,06_analysis/paper_tables/round8_error_profiles_b15_gm_rw_600slot/per_episode_summary.csv,improved_rl_isac,improved_rl_no_isac,collision_count,3,840.0,0.0,840.0,102.19099764656376,722.0,899.0,3,0,0,"{""angular_cell_offset_std"": 0.0, ""area_scale"": ""density"", ""beamwidth_deg"": 15.0, ""false_alarm_rate"": 0.0, ""miss_detection_rate"": 0.0, ""mobility_model"": ""random_walk"", ""node_count"": 100}","scenario_seed,node_count,beamwidth_deg,area_scale,mobility_model,false_alarm_rate,miss_detection_rate,angular_cell_offset_std",B=15 configured ISAC-error paired comparison against enhanced no-ISAC.
error_b15_random_walk_mild_vs_no_isac,06_analysis/paper_tables/round8_error_profiles_b15_gm_rw_600slot/per_episode_summary.csv,improved_rl_isac,improved_rl_no_isac,discovery_rate,3,0.34774410774410774,0.004107744107744067,0.3436363636363637,0.008282828282828253,0.33535353535353546,0.3519191919191919,3,0,0,"{""angular_cell_offset_std"": 0.5, ""area_scale"": ""density"", ""beamwidth_deg"": 15.0, ""false_alarm_rate"": 0.01, ""miss_detection_rate"": 0.05, ""mobility_model"": ""random_walk"", ""node_count"": 100}","scenario_seed,node_count,beamwidth_deg,area_scale,mobility_model,false_alarm_rate,miss_detection_rate,angular_cell_offset_std",B=15 configured ISAC-error paired comparison against enhanced no-ISAC.
error_b15_random_walk_mild_vs_no_isac,06_analysis/paper_tables/round8_error_profiles_b15_gm_rw_600slot/per_episode_summary.csv,improved_rl_isac,improved_rl_no_isac,collision_penalized_discovery_rate,3,0.3160038482995513,0.004107744107744067,0.3118961041918073,0.004895300965201725,0.30869815473167433,0.31753163822129343,3,0,0,"{""angular_cell_offset_std"": 0.5, ""area_scale"": ""density"", ""beamwidth_deg"": 15.0, ""false_alarm_rate"": 0.01, ""miss_detection_rate"": 0.05, ""mobility_model"": ""random_walk"", ""node_count"": 100}","scenario_seed,node_count,beamwidth_deg,area_scale,mobility_model,false_alarm_rate,miss_detection_rate,angular_cell_offset_std",B=15 configured ISAC-error paired comparison against enhanced no-ISAC.
error_b15_random_walk_mild_vs_no_isac,06_analysis/paper_tables/round8_error_profiles_b15_gm_rw_600slot/per_episode_summary.csv,improved_rl_isac,improved_rl_no_isac,empty_scan_ratio,3,0.7023985176933648,0.8340811542228165,-0.13168263652945167,0.004252363131587167,-0.13594020971881904,-0.12743550267669934,0,3,0,"{""angular_cell_offset_std"": 0.5, ""area_scale"": ""density"", ""beamwidth_deg"": 15.0, ""false_alarm_rate"": 0.01, ""miss_detection_rate"": 0.05, ""mobility_model"": ""random_walk"", ""node_count"": 100}","scenario_seed,node_count,beamwidth_deg,area_scale,mobility_model,false_alarm_rate,miss_detection_rate,angular_cell_offset_std",B=15 configured ISAC-error paired comparison against enhanced no-ISAC.
error_b15_random_walk_mild_vs_no_isac,06_analysis/paper_tables/round8_error_profiles_b15_gm_rw_600slot/per_episode_summary.csv,improved_rl_isac,improved_rl_no_isac,lambda2,3,18.30212994670335,-2.9061706897969126e-16,18.30212994670335,2.6117825945263475,15.291780061567634,19.96463733305924,3,0,0,"{""angular_cell_offset_std"": 0.5, ""area_scale"": ""density"", ""beamwidth_deg"": 15.0, ""false_alarm_rate"": 0.01, ""miss_detection_rate"": 0.05, ""mobility_model"": ""random_walk"", ""node_count"": 100}","scenario_seed,node_count,beamwidth_deg,area_scale,mobility_model,false_alarm_rate,miss_detection_rate,angular_cell_offset_std",B=15 configured ISAC-error paired comparison against enhanced no-ISAC.
error_b15_random_walk_mild_vs_no_isac,06_analysis/paper_tables/round8_error_profiles_b15_gm_rw_600slot/per_episode_summary.csv,improved_rl_isac,improved_rl_no_isac,collision_count,3,497.0,0.0,497.0,66.83561924602779,420.0,540.0,3,0,0,"{""angular_cell_offset_std"": 0.5, ""area_scale"": ""density"", ""beamwidth_deg"": 15.0, ""false_alarm_rate"": 0.01, ""miss_detection_rate"": 0.05, ""mobility_model"": ""random_walk"", ""node_count"": 100}","scenario_seed,node_count,beamwidth_deg,area_scale,mobility_model,false_alarm_rate,miss_detection_rate,angular_cell_offset_std",B=15 configured ISAC-error paired comparison against enhanced no-ISAC.
error_b15_random_walk_moderate_vs_no_isac,06_analysis/paper_tables/round8_error_profiles_b15_gm_rw_600slot/per_episode_summary.csv,improved_rl_isac,improved_rl_no_isac,discovery_rate,3,0.2704377104377104,0.004107744107744067,0.26632996632996636,0.01135693779373394,0.2533333333333334,0.2743434343434344,3,0,0,"{""angular_cell_offset_std"": 1.0, ""area_scale"": ""density"", ""beamwidth_deg"": 15.0, ""false_alarm_rate"": 0.05, ""miss_detection_rate"": 0.15, ""mobility_model"": ""random_walk"", ""node_count"": 100}","scenario_seed,node_count,beamwidth_deg,area_scale,mobility_model,false_alarm_rate,miss_detection_rate,angular_cell_offset_std",B=15 configured ISAC-error paired comparison against enhanced no-ISAC.
error_b15_random_walk_moderate_vs_no_isac,06_analysis/paper_tables/round8_error_profiles_b15_gm_rw_600slot/per_episode_summary.csv,improved_rl_isac,improved_rl_no_isac,collision_penalized_discovery_rate,3,0.2594630431829409,0.004107744107744067,0.2553552990751968,0.010830701574421035,0.24284938941655362,0.2616841769020712,3,0,0,"{""angular_cell_offset_std"": 1.0, ""area_scale"": ""density"", ""beamwidth_deg"": 15.0, ""false_alarm_rate"": 0.05, ""miss_detection_rate"": 0.15, ""mobility_model"": ""random_walk"", ""node_count"": 100}","scenario_seed,node_count,beamwidth_deg,area_scale,mobility_model,false_alarm_rate,miss_detection_rate,angular_cell_offset_std",B=15 configured ISAC-error paired comparison against enhanced no-ISAC.
error_b15_random_walk_moderate_vs_no_isac,06_analysis/paper_tables/round8_error_profiles_b15_gm_rw_600slot/per_episode_summary.csv,improved_rl_isac,improved_rl_no_isac,empty_scan_ratio,3,0.7332624566779978,0.8340811542228165,-0.10081869754481854,0.003539996752705154,-0.10389227586795957,-0.09694815299165249,0,3,0,"{""angular_cell_offset_std"": 1.0, ""area_scale"": ""density"", ""beamwidth_deg"": 15.0, ""false_alarm_rate"": 0.05, ""miss_detection_rate"": 0.15, ""mobility_model"": ""random_walk"", ""node_count"": 100}","scenario_seed,node_count,beamwidth_deg,area_scale,mobility_model,false_alarm_rate,miss_detection_rate,angular_cell_offset_std",B=15 configured ISAC-error paired comparison against enhanced no-ISAC.
error_b15_random_walk_moderate_vs_no_isac,06_analysis/paper_tables/round8_error_profiles_b15_gm_rw_600slot/per_episode_summary.csv,improved_rl_isac,improved_rl_no_isac,lambda2,3,14.157331768175132,-2.9061706897969126e-16,14.157331768175132,1.9016072849010004,12.287655865606746,16.089337849969358,3,0,0,"{""angular_cell_offset_std"": 1.0, ""area_scale"": ""density"", ""beamwidth_deg"": 15.0, ""false_alarm_rate"": 0.05, ""miss_detection_rate"": 0.15, ""mobility_model"": ""random_walk"", ""node_count"": 100}","scenario_seed,node_count,beamwidth_deg,area_scale,mobility_model,false_alarm_rate,miss_detection_rate,angular_cell_offset_std",B=15 configured ISAC-error paired comparison against enhanced no-ISAC.
error_b15_random_walk_moderate_vs_no_isac,06_analysis/paper_tables/round8_error_profiles_b15_gm_rw_600slot/per_episode_summary.csv,improved_rl_isac,improved_rl_no_isac,collision_count,3,209.33333333333334,0.0,209.33333333333334,26.501572280401277,183.0,236.0,3,0,0,"{""angular_cell_offset_std"": 1.0, ""area_scale"": ""density"", ""beamwidth_deg"": 15.0, ""false_alarm_rate"": 0.05, ""miss_detection_rate"": 0.15, ""mobility_model"": ""random_walk"", ""node_count"": 100}","scenario_seed,node_count,beamwidth_deg,area_scale,mobility_model,false_alarm_rate,miss_detection_rate,angular_cell_offset_std",B=15 configured ISAC-error paired comparison against enhanced no-ISAC.
error_b15_random_walk_severe_vs_no_isac,06_analysis/paper_tables/round8_error_profiles_b15_gm_rw_600slot/per_episode_summary.csv,improved_rl_isac,improved_rl_no_isac,discovery_rate,3,0.22531986531986528,0.004107744107744067,0.2212121212121212,0.002482465803524127,0.2193939393939394,0.224040404040404,3,0,0,"{""angular_cell_offset_std"": 1.5, ""area_scale"": ""density"", ""beamwidth_deg"": 15.0, ""false_alarm_rate"": 0.1, ""miss_detection_rate"": 0.3, ""mobility_model"": ""random_walk"", ""node_count"": 100}","scenario_seed,node_count,beamwidth_deg,area_scale,mobility_model,false_alarm_rate,miss_detection_rate,angular_cell_offset_std",B=15 configured ISAC-error paired comparison against enhanced no-ISAC.
error_b15_random_walk_severe_vs_no_isac,06_analysis/paper_tables/round8_error_profiles_b15_gm_rw_600slot/per_episode_summary.csv,improved_rl_isac,improved_rl_no_isac,collision_penalized_discovery_rate,3,0.2190852688041404,0.004107744107744067,0.21497752469639633,0.0033512678056771593,0.2122258769980264,0.2187096851330428,3,0,0,"{""angular_cell_offset_std"": 1.5, ""area_scale"": ""density"", ""beamwidth_deg"": 15.0, ""false_alarm_rate"": 0.1, ""miss_detection_rate"": 0.3, ""mobility_model"": ""random_walk"", ""node_count"": 100}","scenario_seed,node_count,beamwidth_deg,area_scale,mobility_model,false_alarm_rate,miss_detection_rate,angular_cell_offset_std",B=15 configured ISAC-error paired comparison against enhanced no-ISAC.
error_b15_random_walk_severe_vs_no_isac,06_analysis/paper_tables/round8_error_profiles_b15_gm_rw_600slot/per_episode_summary.csv,improved_rl_isac,improved_rl_no_isac,empty_scan_ratio,3,0.7655434888777805,0.8340811542228165,-0.06853766534503603,0.0012308763402883002,-0.06941206594981209,-0.06713009178876217,0,3,0,"{""angular_cell_offset_std"": 1.5, ""area_scale"": ""density"", ""beamwidth_deg"": 15.0, ""false_alarm_rate"": 0.1, ""miss_detection_rate"": 0.3, ""mobility_model"": ""random_walk"", ""node_count"": 100}","scenario_seed,node_count,beamwidth_deg,area_scale,mobility_model,false_alarm_rate,miss_detection_rate,angular_cell_offset_std",B=15 configured ISAC-error paired comparison against enhanced no-ISAC.
error_b15_random_walk_severe_vs_no_isac,06_analysis/paper_tables/round8_error_profiles_b15_gm_rw_600slot/per_episode_summary.csv,improved_rl_isac,improved_rl_no_isac,lambda2,3,10.151673617819162,-2.9061706897969126e-16,10.151673617819162,1.3306260728676502,9.360478214143455,11.687917242236416,3,0,0,"{""angular_cell_offset_std"": 1.5, ""area_scale"": ""density"", ""beamwidth_deg"": 15.0, ""false_alarm_rate"": 0.1, ""miss_detection_rate"": 0.3, ""mobility_model"": ""random_walk"", ""node_count"": 100}","scenario_seed,node_count,beamwidth_deg,area_scale,mobility_model,false_alarm_rate,miss_detection_rate,angular_cell_offset_std",B=15 configured ISAC-error paired comparison against enhanced no-ISAC.
error_b15_random_walk_severe_vs_no_isac,06_analysis/paper_tables/round8_error_profiles_b15_gm_rw_600slot/per_episode_summary.csv,improved_rl_isac,improved_rl_no_isac,collision_count,3,141.0,0.0,141.0,22.0,119.0,163.0,3,0,0,"{""angular_cell_offset_std"": 1.5, ""area_scale"": ""density"", ""beamwidth_deg"": 15.0, ""false_alarm_rate"": 0.1, ""miss_detection_rate"": 0.3, ""mobility_model"": ""random_walk"", ""node_count"": 100}","scenario_seed,node_count,beamwidth_deg,area_scale,mobility_model,false_alarm_rate,miss_detection_rate,angular_cell_offset_std",B=15 configured ISAC-error paired comparison against enhanced no-ISAC.
